,k_value,n_params,train_time,baseline_accuracy,noise_0.05,noise_0.1,noise_0.2,noise_0.3
1,1,8,0.0019989013671875,0.6185185185185185,0.6088888888888888,0.6125925925925926,0.6162962962962963,0.5933333333333334
2,2,29,0.0039997100830078125,0.7888888888888889,0.7874074074074074,0.7807407407407407,0.7681481481481482,0.7488888888888889
3,3,64,0.00899958610534668,0.7888888888888889,0.7814814814814814,0.7777777777777778,0.7637037037037036,0.7459259259259259
4,4,99,0.011999845504760742,0.7888888888888889,0.7837037037037037,0.7762962962962964,0.765925925925926,0.7592592592592593
5,5,120,0.013999700546264648,0.7888888888888889,0.7851851851851851,0.78,0.7696296296296297,0.762962962962963
6,6,127,0.01607060432434082,0.7888888888888889,0.782962962962963,0.7718518518518518,0.7666666666666667,0.7466666666666666
7,7,128,0.01900339126586914,0.837037037037037,0.8400000000000001,0.8414814814814815,0.8303703703703704,0.8177777777777777
