,k_value,n_params,train_time,baseline_accuracy,noise_0.05,noise_0.1,noise_0.2,noise_0.3
1,1,9,0.0,0.7466666666666667,0.748,0.7386666666666666,0.7313333333333334,0.734
2,2,37,0.12667489051818848,0.78,0.7719999999999999,0.7693333333333333,0.7546666666666667,0.7433333333333334
3,3,93,0.2688722610473633,0.7866666666666666,0.7753333333333334,0.768,0.7579999999999999,0.732
4,4,163,0.47438502311706543,0.7833333333333333,0.7846666666666666,0.768,0.7566666666666666,0.7413333333333334
5,5,219,0.6399333477020264,0.7933333333333333,0.7833333333333333,0.7633333333333334,0.7653333333333333,0.75
6,6,247,0.6914370059967041,0.79,0.792,0.77,0.76,0.7293333333333333
7,7,255,0.7189416885375977,0.79,0.7773333333333333,0.766,0.7546666666666667,0.7406666666666667
8,8,256,0.7416207790374756,0.79,0.7753333333333334,0.7686666666666667,0.7526666666666666,0.7386666666666667
