,k_value,n_params,train_time,baseline_accuracy,noise_0.1,noise_0.2,noise_0.3,bootstrap_mean,bootstrap_std
1,1,8,0.16422104835510254,0.9220183486238532,0.9085626911314983,0.8847094801223243,0.832262996941896,0.9234990439770556,0.008710811859842361
2,2,29,0.4369015693664551,0.926605504587156,0.9048929663608563,0.8657492354740061,0.824617737003058,0.925889101338432,0.007059671150047759
3,3,64,0.9950628280639648,0.9243119266055045,0.912691131498471,0.8897553516819572,0.8596330275229358,0.9248565965583174,0.00724561962581125
4,4,99,1.25612473487854,0.926605504587156,0.9103975535168196,0.8880733944954129,0.8607033639143731,0.9260229445506692,0.007328126341677021
5,5,120,1.5123534202575684,0.9250764525993884,0.9166666666666666,0.8922018348623855,0.8643730886850154,0.9251625239005737,0.008884411290840036
6,6,127,2.1338465213775635,0.9250764525993884,0.9134556574923547,0.8859327217125383,0.8652905198776757,0.925640535372849,0.009686149703332614
7,7,128,2.04414439201355,0.9250764525993884,0.9126911314984708,0.8888379204892966,0.8720183486238533,0.9246845124282982,0.008993305349480066
