,k_value,n_params,train_time,baseline_accuracy,noise_0.05,noise_0.1,noise_0.2,noise_0.3
1,1,8,0.009693145751953125,0.6995412844036697,0.6996941896024464,0.701834862385321,0.7056574923547401,0.7035168195718654
2,2,29,0.012001752853393555,0.8386850152905199,0.8389908256880734,0.8389908256880734,0.8281345565749236,0.8133027522935781
3,3,64,0.013999700546264648,0.9021406727828746,0.9018348623853211,0.8978593272171255,0.8808868501529051,0.8513761467889909
4,4,99,0.01702404022216797,0.9143730886850153,0.9116207951070336,0.9085626911314983,0.8888379204892966,0.8555045871559633
5,5,120,0.020001649856567383,0.9166666666666666,0.912691131498471,0.9065749235474005,0.8889908256880734,0.8610091743119266
6,6,127,0.01999974250793457,0.8837920489296636,0.8851681957186545,0.8830275229357799,0.8738532110091743,0.8574923547400612
7,7,128,0.021998882293701172,0.9113149847094801,0.9123853211009173,0.9102446483180427,0.9045871559633027,0.8906727828746177
