,k_value,n_params,train_time,baseline_accuracy,noise_0.05,noise_0.1,noise_0.2,noise_0.3
1,1,5,0.0009932518005371094,0.7937743190661478,0.798443579766537,0.7945525291828794,0.7867704280155642,0.798443579766537
2,2,11,0.0010013580322265625,0.8093385214007782,0.8101167315175097,0.8077821011673152,0.8038910505836576,0.8031128404669261
3,3,15,0.0019989013671875,0.8093385214007782,0.8077821011673152,0.8085603112840467,0.8015564202334631,0.8077821011673152
4,4,16,0.0010025501251220703,0.8093385214007782,0.8077821011673152,0.8108949416342413,0.8046692607003891,0.8077821011673152
