,k_value,n_params,train_time,baseline_accuracy,noise_0.1,noise_0.2,noise_0.3
1,1,9,0.0029985904693603516,0.6166666666666667,0.6326666666666666,0.62,0.6053333333333334
2,2,37,0.002998828887939453,0.63,0.6186666666666667,0.6146666666666667,0.6053333333333334
3,3,93,0.007000446319580078,0.6333333333333333,0.6406666666666666,0.6366666666666667,0.6300000000000001
4,4,163,0.005000114440917969,0.6566666666666666,0.6466666666666666,0.6319999999999999,0.6446666666666666
5,5,219,0.00599980354309082,0.6333333333333333,0.6413333333333332,0.6246666666666667,0.6246666666666667
6,6,247,0.006001472473144531,0.64,0.632,0.6313333333333334,0.6253333333333333
7,7,255,0.006484508514404297,0.6533333333333333,0.6406666666666666,0.6333333333333333,0.6393333333333333
8,8,256,0.006082296371459961,0.6566666666666666,0.6493333333333333,0.6626666666666667,0.646
