,k_value,n_params,train_time,baseline_accuracy,noise_0.1,noise_0.2,noise_0.3,noise_0.1_std,noise_0.2_std,noise_0.3_std
1,1,8,0.1656813621520996,0.9220183486238532,0.9097859327217126,0.8741590214067279,0.8319571865443425,0.003987279758533738,0.006165701881851971,0.0025768042119805375
2,2,29,0.435288667678833,0.926605504587156,0.9045871559633027,0.8659021406727829,0.8194189602446483,0.003185423036085569,0.007326696361291099,0.013874830393915164
3,3,64,1.1650135517120361,0.9243119266055045,0.9122324159021407,0.8914373088685016,0.8535168195718654,0.003910309435028882,0.005802344330584211,0.00569251084678478
4,4,99,1.4342424869537354,0.926605504587156,0.9105504587155963,0.8868501529051989,0.8636085626911315,0.005162673705239801,0.008047521325346038,0.006389168934488149
5,5,120,1.511850357055664,0.9250764525993884,0.9093272171253822,0.888532110091743,0.865137614678899,0.001242207707130887,0.005830481946464092,0.004204197885280573
6,6,127,1.5791010856628418,0.9250764525993884,0.9126911314984708,0.8897553516819571,0.8617737003058104,0.002917245264272016,0.005850497391348329,0.002531031400190656
7,7,128,1.5907626152038574,0.9250764525993884,0.912691131498471,0.8894495412844037,0.8678899082568806,0.006293307531271182,0.006089390749767572,0.007013666630690966
