,k_value,n_params,train_time,baseline_accuracy,noise_0.1,noise_0.2,noise_0.3,bootstrap_mean,bootstrap_std
1,1,8,0.03489279747009277,0.8518518518518519,0.8511111111111112,0.8437037037037036,0.8444444444444444,0.8474074074074075,0.02759134971100855
2,2,29,0.04799485206604004,0.8666666666666667,0.8585185185185186,0.8533333333333333,0.8385185185185187,0.869074074074074,0.02074652697065963
3,3,64,0.21463513374328613,0.8666666666666667,0.8629629629629629,0.8533333333333333,0.8355555555555556,0.866388888888889,0.02329600924277014
4,4,99,0.28640079498291016,0.8666666666666667,0.8614814814814814,0.8466666666666667,0.8407407407407408,0.8692592592592593,0.02229078927929878
5,5,120,0.4024617671966553,0.8666666666666667,0.8644444444444443,0.8570370370370372,0.8466666666666667,0.8687962962962962,0.019742208617512722
6,6,127,0.5606362819671631,0.8666666666666667,0.857777777777778,0.8488888888888889,0.8392592592592593,0.8668518518518519,0.02429669150536747
7,7,128,0.4907221794128418,0.8666666666666667,0.86,0.8392592592592593,0.8377777777777778,0.8683333333333334,0.020975032515494773
