Feature,Phi_Value
0,-1.6178166888161276
1,-1.0504630748030004
2,0.010761034006392525
3,-0.14286857180554197
4,6.540150801660835
