Feature,Phi_Value
0,-1.7482156453521345
1,-1.105668210242115
2,-0.24167450057878798
3,-0.09233691269602157
4,7.780582269221515
