Feature,Phi_Value
0,-1.6220129172094575
1,-1.0490523097712032
2,0.009109652992938502
3,-0.14189341077229845
4,6.554732319746283
