,k_value,n_params,train_time,baseline_accuracy,noise_0.1,noise_0.2,noise_0.3,bootstrap_mean,bootstrap_std
1,1,6,0.0029973983764648438,1.0,1.0,1.0,0.999562363238512,1.0,0.0
2,2,16,0.0037136077880859375,1.0,1.0,1.0,0.999562363238512,1.0,0.0
3,3,26,0.012818098068237305,1.0,1.0,1.0,0.999562363238512,1.0,0.0
4,4,31,0.010623455047607422,1.0,1.0,1.0,1.0,1.0,0.0
5,5,32,0.0,1.0,1.0,1.0,0.999562363238512,1.0,0.0
