dataset,n_attr,best_k_accuracy,max_accuracy,best_k_noise,noise_robustness,best_k_stability,stability
dados_covid_sbpo_atual,9,9,0.6951665777235648,9,0.6778074254783868,8,0.00289919430843685
banknotes,5,3,1.0,4,1.0,3,0.0
transfusion,4,4,0.7134502923976608,2,0.7076023391812866,2,0.02328529681364516
mammographic,4,4,0.8054474708171206,4,0.7937743190661479,4,0.02731707317073169
raisin,7,7,0.8629629629629629,7,0.834074074074074,2,0.0261891400439462
rice,7,6,0.9220183486238532,7,0.8847094801223241,6,0.008676644301902708
diabetes,8,8,0.7966666666666666,8,0.7213333333333333,8,0.022000000000000006
skin,4,4,1.0,4,0.9956642264351737,4,0.0
