dataset,n_attr,best_k_accuracy,max_accuracy,best_k_noise,noise_robustness,best_k_stability,stability
diabetes,8,8,0.7966666666666666,8,0.7433333333333334,8,0.027484970640535723
banknotes,5,3,1.0,5,1.0,3,0.0
transfusion,4,4,0.7134502923976608,2,0.7005847953216374,2,0.02136193891842247
mammographic,4,4,0.8054474708171206,4,0.7867704280155642,4,0.023239384814226965
skin,4,4,1.0,4,0.9956676593516937,4,0.0
