dataset,accuracy_efficiency,robustness_efficiency,stability_efficiency
dados_covid_sbpo_atual,0.2557950189162377,0.24926444037769518,0.36693968042845576
banknotes,0.6425486044692343,0.6160483210529383,0.6425486044692343
transfusion,0.5042146507005267,0.5065933660312512,0.6912357579976588
mammographic,0.5692315491116459,0.5631817452080439,0.6894920527285662
raisin,0.40327650681154126,0.38839162286914103,0.4579724092551585
rice,0.43151096254523114,0.4160113872487132,0.46373819763560936
diabetes,0.3285383726083597,0.3068190994401083,0.4020628830125533
skin,0.7067270923753284,0.7035985911502303,0.7067270923753284
