,k_value,n_params,train_time,baseline_accuracy,noise_0.1,noise_0.2,noise_0.3,noise_0.1_std,noise_0.2_std,noise_0.3_std,bootstrap_mean,bootstrap_std
1,1,5,0.0010063648223876953,0.7076023391812866,0.7099415204678363,0.7099415204678363,0.695906432748538,0.0021881037349555004,0.009320103772227627,0.007162250709892374,0.701978021978022,0.023036303573265263
2,2,11,0.002099752426147461,0.7105263157894737,0.7076023391812865,0.7052631578947369,0.7017543859649122,0.0026152841842102554,0.015069121317807181,0.004892748693181722,0.710915750915751,0.0318056732888819
3,3,15,0.001001119613647461,0.7076023391812866,0.7099415204678362,0.711111111111111,0.7058479532163743,0.008145256302446858,0.008554818034109839,0.01289205127780618,0.706080586080586,0.030219758019749864
4,4,16,0.002000570297241211,0.7076023391812866,0.7081871345029239,0.715204678362573,0.6976608187134502,0.006769495264789619,0.007975544852038519,0.016395141250147606,0.7065201465201466,0.02677392589912617
