,k_value,n_params,train_time,baseline_accuracy,noise_0.05,noise_0.1,noise_0.2,noise_0.3
1,1,5,0.0010039806365966797,0.7076023391812866,0.7070175438596491,0.708187134502924,0.7087719298245613,0.708187134502924
2,2,11,0.0020003318786621094,0.7105263157894737,0.7052631578947368,0.7064327485380117,0.7017543859649124,0.7029239766081872
3,3,15,0.0020008087158203125,0.7076023391812866,0.7070175438596491,0.705263157894737,0.7105263157894737,0.7029239766081872
4,4,16,0.0009968280792236328,0.7076023391812866,0.7099415204678363,0.7140350877192982,0.709356725146199,0.7157894736842106
