,k_value,n_params,train_time,baseline_accuracy,noise_0.05,noise_0.1,noise_0.2,noise_0.3,bootstrap_mean,bootstrap_std
1,1,5,0.36623573303222656,1.0,1.0,1.0,1.0,0.9997408148027359,1.0,0.0
2,2,11,0.8694679737091064,1.0,1.0,1.0,1.0,0.9995914829341137,1.0,0.0
3,3,15,1.2725212574005127,1.0,1.0,1.0,0.9999965670834801,0.9996275285575743,1.0,0.0
4,4,16,1.3645074367523193,1.0,1.0,1.0,0.9999982835417398,0.9995949158506339,1.0,0.0
