,k_value,n_params,train_time,baseline_accuracy,noise_0.05,noise_0.1,noise_0.2,noise_0.3,bootstrap_mean,bootstrap_std
1,1,5,0.36266613006591797,1.0,1.0,1.0,1.0,0.9997202173036157,1.0,0.0
2,2,11,0.8452725410461426,1.0,1.0,1.0,0.9999931341669599,0.999608647516714,1.0,0.0
3,3,15,1.2450180053710938,1.0,1.0,1.0,0.9999948506252199,0.999610363974974,1.0,0.0
4,4,16,1.34305739402771,1.0,1.0,1.0,0.9999948506252199,0.9995777512680336,1.0,0.0
