,k_value,n_params,train_time,baseline_accuracy,noise_0.05,noise_0.1,noise_0.2,noise_0.3,bootstrap_mean,bootstrap_std
1,1,5,0.5923559665679932,1.0,1.0,1.0,1.0,0.9997545464688162,1.0,0.0
2,2,11,1.9122052192687988,1.0,1.0,1.0,0.99999828354174,0.9995502879358732,1.0,0.0
3,3,15,2.3254711627960205,1.0,1.0,1.0,0.9999948506252199,0.9995640196019533,1.0,0.0
4,4,16,2.4043314456939697,1.0,1.0,1.0,0.9999965670834798,0.9996017816836739,1.0,0.0
