,k_value,n_params,train_time,baseline_accuracy,noise_0.1,noise_0.2,noise_0.3,bootstrap_mean,bootstrap_std
1,1,5,0.001588582992553711,0.8015564202334631,0.8038910505836576,0.8007782101167316,0.8,0.812390243902439,0.028564047657157757
2,2,11,0.004058122634887695,0.8132295719844358,0.8178988326848249,0.8194552529182879,0.7945525291828794,0.8111219512195121,0.02612449032318225
3,3,15,0.0062351226806640625,0.8132295719844358,0.8140077821011673,0.8077821011673152,0.8062256809338522,0.8127804878048781,0.027661418527533663
4,4,16,0.0024840831756591797,0.8132295719844358,0.8140077821011673,0.8070038910505837,0.8038910505836576,0.8139512195121951,0.022396778896473842
