Feature,Phi_Value
0,0.15360859695769372
1,-0.042156873460305014
2,-0.3156251088230392
3,0.14891057567392607
4,-0.2827556496759476
5,-0.1816067143895264
6,0.20722107539702633
7,0.6235809134381568
8,0.03525412838121309
9,-0.4219797826127907
10,0.061644255837911395
11,-0.5552777565769966
12,0.16652976465223013
13,-0.2315583332213564
14,-0.3054020823358213
