Feature,Phi_Value
0,0.13632659099434546
1,-0.03621709735179303
2,-0.2177088664967923
3,0.14337809785497074
4,-0.20087001726357065
5,-0.15430031192219046
6,0.27552538986347164
7,0.6142124422611819
8,0.12589548616295035
9,-0.40289816368191067
10,0.22571660807373983
11,-0.583065654291616
12,0.17902411589468697
13,-0.15536097991863893
14,-0.38919152060491863
