Feature,Phi_Value
0,0.13601791753728687
1,-0.03612609279763663
2,-0.2177310675800019
3,0.14319124586441576
4,-0.20092311450924003
5,-0.1544609847144211
6,0.2754959068155155
7,0.6143708283226273
8,0.1260991923575437
9,-0.4031001559532467
10,0.225767308785744
11,-0.5827833839813533
12,0.17892336334654607
13,-0.15546005810403346
14,-0.3895202877717316
