Feature,Phi_Value
0,0.11547539676183269
1,-0.056445079773301696
2,-0.2681003480734092
3,0.17901102402249194
4,-0.2114600958290321
5,-0.2263985414196979
6,0.2382912629188241
7,0.6345167281421656
8,0.13089561389135876
9,-0.41137306586131533
10,0.19692366984699575
11,-0.6697131747741347
12,0.23270214931237143
13,-0.22510823482015443
14,-0.3146438911299868
