Feature,Phi_Value
0,0.13968363975565612
1,-0.0373028819350778
2,-0.22238000722462764
3,0.147929240351257
4,-0.20003245338116238
5,-0.15414773793228714
6,0.27574861597244876
7,0.6134466440792008
8,0.1282964555443952
9,-0.39762712121476834
10,0.22864103930782467
11,-0.5877788855667925
12,0.18399223911815538
13,-0.1600048070009912
14,-0.3814406218777581
