Feature,Phi_Value
0,0.13358493947059766
1,-0.0442403727835416
2,-0.2313905301962159
3,0.18358950808252905
4,-0.20567825366416528
5,-0.22263317388439893
6,0.25631905654772996
7,0.6473588023094463
8,0.14065721034635686
9,-0.3836800891733492
10,0.23524494342748287
11,-0.7042486523734475
12,0.2412950379146702
13,-0.2174688997008098
14,-0.3160056911751426
