,k_value,n_params,train_time,baseline_accuracy,noise_0.05,noise_0.1,noise_0.2,noise_0.3,bootstrap_mean,bootstrap_std
1,1,10,0.15065431594848633,0.6865899214759472,0.6863764580315621,0.6865213082259664,0.685324388198521,0.6840131127544409,0.6870176776099491,0.003247676126439721
2,2,46,1.6524012088775635,0.689525043836243,0.690249294808264,0.6905466188915149,0.6894335595029351,0.6864603186704277,0.6893505503406872,0.0030981814882650193
3,3,130,5.483053922653198,0.6937561942517344,0.6934969886406952,0.6922162079743844,0.6885568346420675,0.6826103529770526,0.6938885977033402,0.003292852418280638
4,4,256,12.462436199188232,0.6941754974460623,0.6934055043073875,0.69197224975223,0.6879545627811237,0.6784859342837539,0.6941096869490636,0.0031863453397092158
5,5,382,20.00622057914734,0.6946329191126019,0.6945338110848517,0.6920484866966532,0.6835709384767858,0.6723183654799116,0.694664316005146,0.004041909378559666
6,6,466,25.438370943069458,0.6946710375848136,0.6944347030571014,0.6919646260577876,0.6825493634215141,0.6697949226195014,0.6943631772049365,0.002940158437950036
7,7,502,43.53906488418579,0.6946710375848136,0.6932606541129831,0.6916139361134406,0.68306015094915,0.6710070900358314,0.6938247486539286,0.0027322399930068426
8,8,511,27.363548755645752,0.6946710375848136,0.6933521384462911,0.6915453228634596,0.682290157810475,0.6697186856750781,0.6948949349597369,0.002898591565461122
9,9,512,27.410990953445435,0.6946710375848136,0.6932454067240985,0.6909887931691697,0.6829991613936113,0.6695814591751162,0.6951112593510268,0.0034344024959741893
