,k_value,n_params,train_time,baseline_accuracy,noise_0.05,noise_0.1,noise_0.2,noise_0.3
1,1,5,0.0042629241943359375,0.6169590643274854,0.6116959064327485,0.6029239766081872,0.5807017543859649,0.5801169590643275
2,2,11,0.003000497817993164,0.6929824561403509,0.6953216374269007,0.6906432748538012,0.6678362573099415,0.6619883040935672
3,3,15,0.003000020980834961,0.7105263157894737,0.7076023391812865,0.7029239766081872,0.6994152046783626,0.6818713450292397
4,4,16,0.003998517990112305,0.7105263157894737,0.708187134502924,0.7070175438596491,0.6929824561403508,0.6900584795321637
