dataset,accuracy_efficiency,robustness_efficiency,stability_efficiency
dados_covid_sbpo_atual,0.25946574190934263,0.3935505187768555,0.4111914744042986
banknotes,0.8304820237218405,0.8304820237218405,0.8304820237218405
transfusion,0.5506425283145727,0.5356049010352992,0.8278036207996758
mammographic,0.6914680861053265,0.5811775589994639,0.7368599986993236
raisin,0.547036472640155,0.36296536265744916,0.48052439924516444
rice,0.4969416433306067,0.4068651389546845,0.5312849927664457
diabetes,0.3455395008405818,0.4489370422335207,0.7626549436155554
skin,0.8502741537276025,0.8499720454880508,0.8502741537276025
