Index,Interaction_Value
0,-0.16935684141385243
1,-0.2580199468892826
2,-0.15185684544016562
3,-0.04765952274683835
4,0.1453502235548747
5,-0.6812763347729888
6,-0.28345486688299976
