Index,Interaction_Value
0,-0.08503457118620192
1,-0.29150336723464654
2,-0.1940655345018801
3,-0.013784167942102483
