,k_value,n_params,train_time,baseline_accuracy,noise_0.05,noise_0.1,noise_0.2,noise_0.3,bootstrap_mean,bootstrap_std
1,1,5,0.004999399185180664,0.6695906432748538,0.6736842105263157,0.6678362573099415,0.6649122807017543,0.6719298245614034,0.6752380952380952,0.03025570070742926
2,2,11,0.005002498626708984,0.7105263157894737,0.7070175438596491,0.7087719298245614,0.7017543859649124,0.7046783625730995,0.7098168498168498,0.028004998566675637
3,3,15,0.005565166473388672,0.7076023391812866,0.711111111111111,0.7023391812865497,0.7064327485380117,0.6853801169590643,0.708058608058608,0.02549671583193384
4,4,16,0.005577802658081055,0.7134502923976608,0.7210526315789474,0.7198830409356726,0.7134502923976609,0.7064327485380117,0.706886446886447,0.027474871694855903
