,k_value,n_params,train_time,baseline_accuracy,noise_0.05,noise_0.1,noise_0.2,noise_0.3
1,1,5,0.0020008087158203125,0.5263157894736842,0.5292397660818713,0.5286549707602339,0.5619883040935673,0.5485380116959064
2,2,11,0.002000093460083008,0.6929824561403509,0.6935672514619883,0.6777777777777777,0.6701754385964913,0.672514619883041
3,3,15,0.0050008296966552734,0.7076023391812866,0.7040935672514621,0.7023391812865497,0.7023391812865497,0.6941520467836257
4,4,16,0.0029985904693603516,0.7076023391812866,0.7064327485380117,0.7023391812865497,0.6906432748538013,0.695906432748538
