dataset,accuracy_eff,noise_eff,stab_eff
banknotes,0.8304820237218405,0.8304820237218405,0.8304820237218405
dados_covid_sbpo_atual,0.26801988070120886,0.32021869170164313,0.4113572793416484
diabetes,0.3361816276051185,0.3357094977994274,0.5842281283797137
mammographic,0.6179917550912226,0.6156375007861132,0.8297148834955543
pure_pairwise_interaction,0.3683987033690065,0.2261221354696415,0.21760744758273504
raisin,0.6845200988358653,0.6290503666888211,0.46381589311915167
rice,0.5823808162755036,0.40750823453785845,0.6240729159990767
skin,0.8502741537276025,0.8499355589856895,0.8502741537276025
transfusion,0.5506425283145727,0.5107766308209394,0.8307242581670539
