Index,Interaction_Value
0,-0.18175624641196753
1,-0.3178357258757624
2,-0.17053558410719222
3,-0.05646158364362182
4,0.15342254069309327
5,-0.709344145531522
