,k_value,n_params,train_time,baseline_accuracy,noise_0.05,noise_0.1,noise_0.2,noise_0.3,bootstrap_mean,bootstrap_std
1,1,5,0.020027875900268555,0.672514619883041,0.6707602339181287,0.6614035087719298,0.6590643274853801,0.6672514619883041,0.6752380952380953,0.03046782429546466
2,2,11,0.0165255069732666,0.7076023391812866,0.7087719298245614,0.7116959064327485,0.7017543859649122,0.7017543859649124,0.7053479853479853,0.028638598605019768
3,3,15,0.025577783584594727,0.7222222222222222,0.7157894736842104,0.7076023391812865,0.6888888888888888,0.6883040935672515,0.7201465201465203,0.024876083291354784
4,4,16,0.02501535415649414,0.7105263157894737,0.7187134502923976,0.7204678362573099,0.704093567251462,0.6935672514619883,0.7098168498168499,0.02843293191394137
