,k_value,n_params,train_time,baseline_accuracy,noise_0.05,noise_0.1,noise_0.2,noise_0.3,bootstrap_mean,bootstrap_std
1,1,9,0.004245758056640625,0.6466666666666666,0.6513333333333333,0.642,0.644,0.6186666666666667,0.6505833333333334,0.027449574981530528
2,2,37,0.0073740482330322266,0.6666666666666666,0.6693333333333332,0.6546666666666667,0.6566666666666666,0.6393333333333333,0.6673333333333333,0.03132890039564108
3,3,93,0.015758752822875977,0.6833333333333333,0.682,0.6759999999999999,0.6746666666666666,0.6533333333333333,0.6750833333333334,0.032139993258659315
4,4,163,0.0,0.69,0.6953333333333334,0.6933333333333334,0.6793333333333333,0.6573333333333332,0.6942500000000001,0.03071927100552861
5,5,219,0.012967586517333984,0.7,0.7053333333333333,0.6966666666666667,0.6779999999999999,0.6853333333333335,0.69325,0.029626025533116804
6,6,247,0.011951208114624023,0.74,0.734,0.7146666666666667,0.7046666666666667,0.692,0.7464166666666666,0.028419110354360733
7,7,255,0.013013839721679688,0.7433333333333333,0.7346666666666668,0.728,0.6953333333333332,0.6806666666666666,0.7425833333333334,0.031372426853316066
8,8,256,0.010018348693847656,0.7966666666666666,0.776,0.7706666666666666,0.7406666666666666,0.7146666666666667,0.7966666666666667,0.027901115071305344
