,k_value,n_params,train_time,baseline_accuracy,noise_0.05,noise_0.1,noise_0.2,noise_0.3,bootstrap_mean,bootstrap_std
1,1,9,0.006957054138183594,0.6466666666666666,0.6513333333333333,0.6426666666666666,0.6206666666666667,0.6273333333333333,0.6463333333333332,0.02680485030736041
2,2,37,0.0,0.6666666666666666,0.666,0.6546666666666667,0.6539999999999999,0.6573333333333333,0.6679999999999999,0.028788500790728536
3,3,93,0.0,0.6833333333333333,0.6793333333333333,0.6826666666666668,0.6599999999999999,0.6413333333333333,0.6894166666666667,0.026578108159410693
4,4,163,0.020572662353515625,0.69,0.6926666666666667,0.7033333333333334,0.678,0.6619999999999999,0.6789166666666666,0.02936137390821107
5,5,219,0.010005474090576172,0.7,0.702,0.6986666666666667,0.6813333333333333,0.6713333333333333,0.7024999999999999,0.03630503485131994
6,6,247,0.0,0.74,0.734,0.7273333333333333,0.7026666666666667,0.686,0.73925,0.024679754410807612
7,7,255,0.01593470573425293,0.7433333333333333,0.7266666666666668,0.7133333333333334,0.708,0.6900000000000001,0.7410833333333333,0.03428850228413147
8,8,256,0.019469022750854492,0.7966666666666666,0.7873333333333333,0.7786666666666667,0.7473333333333334,0.7213333333333333,0.8043333333333332,0.022000000000000006
