,k_value,n_params,train_time,baseline_accuracy,noise_0.05,noise_0.1,noise_0.2,noise_0.3,bootstrap_mean,bootstrap_std
1,1,9,0.008266687393188477,0.6466666666666666,0.6493333333333334,0.6399999999999999,0.6366666666666666,0.6106666666666667,0.654,0.033186761081960246
2,2,37,0.0159454345703125,0.6666666666666666,0.6706666666666667,0.6553333333333333,0.6566666666666666,0.6420000000000001,0.6634166666666667,0.029122466508789312
3,3,93,0.019631385803222656,0.6833333333333333,0.6806666666666668,0.674,0.6686666666666667,0.654,0.6833333333333335,0.03398324750683947
4,4,163,0.009461402893066406,0.69,0.6933333333333332,0.6966666666666667,0.682,0.674,0.6855,0.029536230106242217
5,5,219,0.0017921924591064453,0.7,0.7086666666666667,0.7,0.698,0.662,0.6998333333333333,0.03191742818934857
6,6,247,0.01201319694519043,0.74,0.7353333333333334,0.7246666666666667,0.718,0.6913333333333334,0.7442500000000001,0.032068611340894275
7,7,255,0.01198887825012207,0.7433333333333333,0.7313333333333334,0.7266666666666667,0.7126666666666667,0.6773333333333333,0.742,0.02776188434206551
8,8,256,0.016994714736938477,0.7966666666666666,0.78,0.7726666666666666,0.7566666666666667,0.7433333333333334,0.79475,0.027484970640535723
