,k_value,n_params,train_time,baseline_accuracy,noise_0.05,noise_0.1,noise_0.2,noise_0.3,bootstrap_mean,bootstrap_std
1,1,9,0.01519322395324707,0.6466666666666666,0.6433333333333333,0.6406666666666666,0.6359999999999999,0.6213333333333333,0.655,0.03275540667838925
2,2,37,0.016299724578857422,0.6666666666666666,0.6673333333333333,0.658,0.6606666666666667,0.6406666666666666,0.6649166666666667,0.03450130834878262
3,3,93,0.018781661987304688,0.6833333333333333,0.6839999999999999,0.6753333333333333,0.6620000000000001,0.6526666666666667,0.6921666666666667,0.03330874092820414
4,4,163,0.018065214157104492,0.69,0.692,0.6980000000000001,0.6793333333333333,0.6653333333333333,0.6975,0.03406488905994949
5,5,219,0.023001432418823242,0.7,0.7066666666666667,0.7146666666666668,0.678,0.662,0.7024999999999999,0.032177890960513045
6,6,247,0.02537822723388672,0.74,0.732,0.7299999999999999,0.7,0.6833333333333333,0.7363333333333333,0.029803057263009483
7,7,255,0.028042316436767578,0.7433333333333333,0.736,0.7246666666666667,0.7020000000000001,0.682,0.7390000000000001,0.027230497608380207
8,8,256,0.03166627883911133,0.7966666666666666,0.7906666666666666,0.772,0.7513333333333333,0.744,0.7995833333333333,0.025045098211914533
