,k_value,n_params,train_time,baseline_accuracy,noise_0.05,noise_0.1,noise_0.2,noise_0.3,bootstrap_mean,bootstrap_std
1,1,5,0.0019996166229248047,0.8132295719844358,0.8077821011673152,0.8077821011673152,0.8007782101167316,0.7937743190661479,0.816,0.027869672044520448
2,2,11,0.0029985904693603516,0.8093385214007782,0.8108949416342413,0.8093385214007782,0.8038910505836576,0.8070038910505837,0.8109268292682927,0.020547184565658908
3,3,15,0.003998994827270508,0.8093385214007782,0.8054474708171206,0.8108949416342413,0.8093385214007782,0.8038910505836576,0.8078048780487803,0.022375307202301856
4,4,16,0.004001140594482422,0.8093385214007782,0.8070038910505837,0.8093385214007782,0.8140077821011673,0.8054474708171206,0.8170731707317074,0.029499090015104087
