,k_value,n_params,train_time,baseline_accuracy,noise_0.1,noise_0.2,noise_0.3
1,1,5,0.002263307571411133,0.7470817120622568,0.7501945525291829,0.7533073929961089,0.7478599221789883
2,2,11,0.002084016799926758,0.7782101167315175,0.7828793774319066,0.7696498054474707,0.7649805447470817
3,3,15,0.0030701160430908203,0.7937743190661478,0.7891050583657587,0.7797665369649806,0.777431906614786
4,4,16,0.0034894943237304688,0.77431906614786,0.7828793774319066,0.7852140077821012,0.7782101167315175
