dataset,accuracy_eff,noise_eff,stab_eff
pairwise_interaction,0.255308094698705,0.24976839075712937,0.23158568481396136
