,k_value,n_params,train_time,baseline_accuracy,noise_0.05,noise_0.1,noise_0.2,noise_0.3
1,1,8,0.0009996891021728516,0.8592592592592593,0.8548148148148147,0.8555555555555555,0.8592592592592592,0.8414814814814815
2,2,29,0.002001047134399414,0.8703703703703703,0.865925925925926,0.8607407407407408,0.8525925925925926,0.8488888888888889
3,3,64,0.0035049915313720703,0.8629629629629629,0.8622222222222222,0.8644444444444443,0.8518518518518519,0.8488888888888889
4,4,99,0.007998943328857422,0.8666666666666667,0.8644444444444443,0.8674074074074074,0.8592592592592594,0.8466666666666667
5,5,120,0.014175176620483398,0.8629629629629629,0.8614814814814815,0.8674074074074074,0.8585185185185186,0.8496296296296297
6,6,127,0.013507843017578125,0.8629629629629629,0.8592592592592592,0.8592592592592592,0.86,0.8496296296296297
7,7,128,0.011514663696289062,0.8629629629629629,0.8629629629629629,0.8607407407407408,0.8533333333333333,0.845185185185185
