Feature,Phi_Value
0,0.7750401969956272
1,1.239916299921368
2,-0.07928805620940063
3,0.4986955686117225
4,-0.4274557592016445
5,2.026686051343523
6,0.34653288415084754
7,0.4141756820210265
