Feature,Phi_Value
0,0.7789724924565725
1,1.238532693937168
2,-0.07838489463641807
3,0.501577655412114
4,-0.42758425468860056
5,2.0384076795731603
6,0.3598097332749275
7,0.42038279278604074
