Feature,Phi_Value
0,0.7750717238243429
1,1.239780878719028
2,-0.07937572335129083
3,0.49871825871075326
4,-0.4273598628210365
5,2.0266178005150466
6,0.34658107868913757
7,0.4141756307217499
