Feature,Phi_Value
0,1.4406295476640152
1,2.8020652889637576
2,0.13039223251646398
3,1.0634791061905293
4,0.26582309236686547
5,2.7745340620389545
6,1.0739254428498748
7,1.1599880687837671
