,k_value,n_params,train_time,baseline_accuracy,noise_0.05,noise_0.1,noise_0.2,noise_0.3
1,1,5,0.5354950428009033,1.0,0.9998180554244372,0.9983882456938353,0.9837399909027711,0.9519752143427253
2,2,11,0.6394155025482178,1.0,0.9999948506252199,0.9996258120993143,0.9933830534075987,0.9781855319733262
3,3,15,0.720442533493042,1.0,1.0,0.9999982835417398,0.9992069962838679,0.9940353075464087
4,4,16,0.7826910018920898,1.0,1.0,1.0,0.9997699945931565,0.9959131128828774
