,k_value,n_params,train_time,baseline_accuracy,noise_0.05,noise_0.1,noise_0.2,noise_0.3
1,1,9,0.0009984970092773438,0.76,0.7593333333333332,0.7526666666666667,0.7606666666666667,0.7433333333333334
2,2,37,0.0020017623901367188,0.76,0.7593333333333334,0.7653333333333332,0.7540000000000001,0.7506666666666667
3,3,93,0.004000186920166016,0.7566666666666667,0.76,0.7626666666666666,0.7626666666666666,0.7566666666666666
4,4,163,0.008530855178833008,0.7666666666666667,0.766,0.7626666666666667,0.7706666666666667,0.7653333333333334
5,5,219,0.021960735321044922,0.7633333333333333,0.7613333333333333,0.7586666666666666,0.7620000000000001,0.7619999999999999
6,6,247,0.04040408134460449,0.7633333333333333,0.768,0.7653333333333332,0.762,0.7526666666666666
7,7,255,0.04282331466674805,0.7633333333333333,0.7646666666666666,0.7713333333333333,0.764,0.7546666666666667
8,8,256,0.0484006404876709,0.7633333333333333,0.768,0.7653333333333333,0.7686666666666666,0.7566666666666666
