,k_value,n_params,train_time,baseline_accuracy,noise_0.05,noise_0.1,noise_0.2,noise_0.3
1,1,9,0.0010020732879638672,0.76,0.7579999999999999,0.7533333333333333,0.7533333333333334,0.752
2,2,37,0.0010004043579101562,0.76,0.768,0.7613333333333333,0.7673333333333334,0.7653333333333334
3,3,93,0.003000020980834961,0.7566666666666667,0.7613333333333333,0.7613333333333333,0.7546666666666667,0.768
4,4,163,0.00899958610534668,0.7666666666666667,0.7666666666666666,0.768,0.7566666666666666,0.7506666666666667
5,5,219,0.01806926727294922,0.7633333333333333,0.7659999999999999,0.7626666666666667,0.7726666666666666,0.7620000000000001
6,6,247,0.02615189552307129,0.7633333333333333,0.768,0.7673333333333333,0.764,0.7586666666666667
7,7,255,0.036403656005859375,0.7633333333333333,0.7693333333333333,0.7633333333333333,0.7573333333333333,0.7526666666666666
8,8,256,0.032118797302246094,0.7633333333333333,0.766,0.7653333333333332,0.7553333333333333,0.7566666666666666
