,k_value,n_params,train_time,baseline_accuracy,noise_0.05,noise_0.1,noise_0.2,noise_0.3
1,1,5,0.2024245262145996,1.0,1.0,1.0,1.0,0.9997442477192561
2,2,11,0.28203773498535156,1.0,1.0,1.0,1.0,0.9996429766819146
3,3,15,0.3663027286529541,1.0,1.0,1.0,1.0,0.999673872930595
4,4,16,0.4250357151031494,1.0,1.0,1.0,1.0,0.9996670070975548
