dataset,n_attr,best_k_accuracy,max_accuracy,best_k_noise,noise_robustness
dados_covid_sbpo_atual,9,6,0.6946329191126019,6,0.6901120683083022
rice,7,1,0.922782874617737,3,0.9099388379204892
pure_pairwise_interaction,15,2,0.74,6,0.7286666666666667
