dataset,accuracy_eff,noise_eff
dados_covid_sbpo_atual,0.25942303384252996,0.25773464160120174
pure_pairwise_interaction,0.3495064621705959,0.1822479614511857
rice,0.73512553717712,0.4867983077301136
