Feature,Phi_Value
0,-3.7688495968307993
1,2.402546433905114
2,2.402546433905115
3,-1.6267800416261138
