Feature,Phi_Value
0,-1.8426371231445455
1,-3.3054538752046008
2,-3.8782402698877565
3,0.3255944208155281
4,-2.9947433120753044
5,-2.3192532260460004
6,0.6958789991827241
