Feature,Phi_Value
0,-3.202368998562189
1,-5.4739188804066075
2,-6.670647998306677
3,0.6081554304228066
4,-5.638056700716197
5,-3.7108956249828693
6,-0.0187077689182718
