Feature,Phi_Value
0,-1.9343607596799335
1,-3.418005828777487
2,-4.015270412384988
3,0.28509718670573786
4,-3.1388924773068987
5,-2.403309893459404
6,0.59614330476281
