Feature,Phi_Value
0,-1.9287963349512744
1,-3.4247232086934103
2,-4.038897167678195
3,0.301735761915141
4,-3.266117746170978
5,-2.395599760713713
6,0.6117046721537658
