Feature,Phi_Value
0,-3.2923545792159596
1,-5.252522908405171
2,-6.161809717093891
3,-0.0016708033352084845
4,-4.639771547681872
5,-3.789299649683351
6,-0.19140770185955275
