,k_value,n_params,train_time,baseline_accuracy,noise_0.05,noise_0.1,noise_0.2,noise_0.3
1,1,10,0.3399524688720703,0.541625371655104,0.5453152397651901,0.5583365098726844,0.5692612640085385,0.5732027140352215
2,2,46,0.7365615367889404,0.5880536708088739,0.5880994129755279,0.5920789814744225,0.6080429976366547,0.6105816878859496
3,3,130,1.6292495727539062,0.6422200198216056,0.6419455668216818,0.6420294274605475,0.6461690935427308,0.6442479225432645
4,4,256,2.9625017642974854,0.6773652512007319,0.6771670351452314,0.6769307006175194,0.6766638713120379,0.6716322329801023
5,5,382,4.449030637741089,0.6918883891133644,0.6911183959746893,0.69108790119692,0.688381489669894,0.6819394678661279
6,6,466,5.247154712677002,0.6957002363345277,0.695006480140276,0.6949836090569491,0.6917435389189601,0.6842113288099412
7,7,502,5.648139953613281,0.6952046961957765,0.6948540062514295,0.6951055881680263,0.6910345353358238,0.6839368758100176
8,8,511,5.755160331726074,0.6952428146679881,0.694937866890295,0.6947701456125639,0.6921475947244036,0.6869863535869483
9,9,512,5.743232488632202,0.6953190516124114,0.6949912327513913,0.6942898528626973,0.690996416863612,0.6855378516429061
