Feature,Phi_Value
0,2.8370850928259803
1,1.7696005450521712
2,1.6587548969651336
3,-0.03155531590259121
