dataset,n_attr,best_k_accuracy,max_accuracy,best_k_noise,noise_robustness
dados_covid_sbpo_atual,9,6,0.6942517343904856,5,0.6792635511168712
banknotes,5,2,1.0,4,1.0
transfusion,4,4,0.7280701754385965,3,0.7
mammographic,4,4,0.8093385214007782,4,0.7992217898832685
raisin,7,5,0.8592592592592593,2,0.7533333333333333
rice,7,5,0.9281345565749235,7,0.8643730886850154
diabetes,8,8,0.78,8,0.738
skin,4,1,1.0,4,0.995549223731752
pure_pairwise_interaction,15,15,0.6,13,0.5953333333333333
