dataset,accuracy_eff,noise_eff
banknotes,0.7067270923753284,0.6200458888731156
dados_covid_sbpo_atual,0.259280673619821,0.26193159318412856
diabetes,0.3216651848968878,0.3043447518639784
mammographic,0.5719814599769195,0.564831691727208
pure_pairwise_interaction,0.13287322433469234,0.13184595720971296
raisin,0.406472225625911,0.473477525680883
rice,0.4390536556062859,0.40393548129800344
skin,0.8502741537276025,0.7035816082044564
transfusion,0.5145469181329145,0.5007367953256875
