,k_value,n_params,train_time,baseline_accuracy,noise_0.1,noise_0.2,noise_0.3,bootstrap_mean,bootstrap_std
1,1,6,0.04205441474914551,1.0,1.0,1.0,1.0,1.0,0.0
2,2,16,0.10379743576049805,1.0,1.0,1.0,1.0,1.0,0.0
3,3,26,0.1200110912322998,1.0,1.0,1.0,1.0,1.0,0.0
4,4,31,0.13741421699523926,1.0,1.0,1.0,1.0,1.0,0.0
5,5,32,0.14412713050842285,1.0,1.0,1.0,0.999562363238512,1.0,0.0
