,k_value,n_params,train_time,baseline_accuracy,noise_0.05,noise_0.1,noise_0.2,noise_0.3,bootstrap_mean,bootstrap_std
1,1,5,0.003998756408691406,0.6848249027237354,0.6957198443579766,0.6941634241245136,0.691828793774319,0.690272373540856,0.6898536585365853,0.027440314332822714
2,2,11,0.004048347473144531,0.7509727626459144,0.7509727626459144,0.754863813229572,0.7494163424124514,0.7439688715953308,0.7544390243902438,0.03208569726632153
3,3,15,0.00404667854309082,0.7431906614785992,0.7424124513618677,0.7408560311284047,0.7369649805447471,0.7346303501945526,0.7450731707317072,0.027348588092847133
4,4,16,0.005133152008056641,0.8054474708171206,0.8007782101167316,0.8085603112840467,0.7937743190661479,0.7937743190661479,0.7990243902439026,0.02731707317073169
