,k_value,n_params,train_time,baseline_accuracy,noise_0.05,noise_0.1,noise_0.2,noise_0.3,bootstrap_mean,bootstrap_std
1,1,5,0.0043070316314697266,0.6848249027237354,0.6926070038910506,0.6941634241245136,0.6801556420233463,0.6988326848249027,0.6851707317073172,0.038201195666977154
2,2,11,0.003953456878662109,0.7509727626459144,0.7509727626459144,0.7517509727626459,0.7463035019455253,0.7346303501945526,0.7466341463414633,0.03012423216405895
3,3,15,0.0039997100830078125,0.7431906614785992,0.7400778210116732,0.7463035019455253,0.7385214007782102,0.7377431906614786,0.7375609756097561,0.026931070715789793
4,4,16,0.0,0.8054474708171206,0.8007782101167316,0.795330739299611,0.798443579766537,0.7914396887159534,0.8010731707317074,0.02627434991421545
