,k_value,n_params,train_time,baseline_accuracy,noise_0.05,noise_0.1,noise_0.2,noise_0.3,bootstrap_mean,bootstrap_std
1,1,5,0.007002592086791992,0.6848249027237354,0.6949416342412451,0.691828793774319,0.68715953307393,0.6879377431906615,0.6816585365853659,0.0368389262090465
2,2,11,0.007998228073120117,0.7509727626459144,0.7509727626459144,0.7501945525291829,0.7533073929961089,0.7400778210116732,0.7533658536585364,0.029610358815740603
3,3,15,0.008001327514648438,0.7431906614785992,0.7416342412451362,0.7439688715953308,0.7486381322957198,0.7416342412451362,0.7468292682926829,0.03435822761549335
4,4,16,0.007999420166015625,0.8054474708171206,0.8023346303501946,0.8,0.795330739299611,0.796887159533074,0.8003902439024391,0.02438712175138904
