,k_value,n_params,train_time,baseline_accuracy,noise_0.05,noise_0.1,noise_0.2,noise_0.3,bootstrap_mean,bootstrap_std
1,1,5,0.003998756408691406,0.6848249027237354,0.6941634241245136,0.6964980544747081,0.6980544747081712,0.6832684824902723,0.6818536585365854,0.03247901441171597
2,2,11,0.0040988922119140625,0.7509727626459144,0.7509727626459144,0.7494163424124514,0.7478599221789883,0.7478599221789883,0.7469268292682925,0.028587863039180417
3,3,15,0.00416874885559082,0.7431906614785992,0.7408560311284047,0.7455252918287938,0.7424124513618677,0.7346303501945526,0.7404878048780487,0.03435476460811515
4,4,16,0.0050547122955322266,0.8054474708171206,0.8015564202334631,0.7922178988326849,0.795330739299611,0.7867704280155642,0.805170731707317,0.023239384814226965
