Feature,Phi_Value
0,1.2029087540738397
1,-0.22857248471014727
2,-3.6858118980596792
3,15.59178895998266
