,k_value,n_params,train_time,baseline_accuracy,noise_0.05,noise_0.1,noise_0.2,noise_0.3
1,1,8,0.03149747848510742,0.8592592592592593,0.8525925925925926,0.8518518518518517,0.8088888888888889,0.7844444444444445
2,2,29,0.09641337394714355,0.8592592592592593,0.8518518518518519,0.8214814814814815,0.7725925925925926,0.7251851851851852
3,3,64,0.16746068000793457,0.8555555555555555,0.8555555555555555,0.8318518518518518,0.7896296296296297,0.74
4,4,99,0.25742602348327637,0.8555555555555555,0.8511111111111112,0.831851851851852,0.7844444444444445,0.7511111111111111
5,5,120,0.3163909912109375,0.8555555555555555,0.8562962962962963,0.8348148148148148,0.7918518518518518,0.7429629629629629
6,6,127,0.31620049476623535,0.8555555555555555,0.8533333333333333,0.8303703703703704,0.794074074074074,0.7488888888888889
7,7,128,0.337787389755249,0.8555555555555555,0.8511111111111112,0.8444444444444444,0.8,0.7511111111111111
