,k_value,n_params,train_time,baseline_accuracy,noise_0.05,noise_0.1,noise_0.2,noise_0.3,bootstrap_mean,bootstrap_std
1,1,10,0.5971846580505371,0.5927422428909049,0.6000533658610963,0.600396432111001,0.5960814210566441,0.592605016390943,0.5933377805308048,0.003085947076194817
2,2,46,0.7363989353179932,0.6653960509262788,0.660547381260959,0.6466036441259434,0.6307387359914614,0.6221544560494016,0.6649287654262162,0.003064583241140586
3,3,130,0.9272034168243408,0.6864755660593124,0.6785926660059465,0.6702904627582527,0.6524357703743234,0.6400320195166577,0.6860770953447373,0.0029459326681709787
4,4,256,1.193253755569458,0.6902492948082641,0.6886254478920485,0.6833574750324006,0.6669512845925135,0.6526034916520546,0.6903768999857053,0.0032798734195885458
5,5,382,1.2942678928375244,0.6921170999466342,0.6915605702523443,0.6899672181138979,0.6768163452008844,0.6635892353434475,0.6914575689712682,0.0031276308507246905
6,6,466,1.7219316959381104,0.6945948006403904,0.6940916368071968,0.6921704658077305,0.6824502553937638,0.6701227414805215,0.6939019392957545,0.0034544877862184007
7,7,502,1.9237873554229736,0.6946329191126019,0.6938934207516964,0.6913623541968438,0.685042311504155,0.6727452923686819,0.6945537713822842,0.0034651468166124392
8,8,511,1.9376397132873535,0.6947091560570252,0.6936418388350996,0.6920942288633072,0.6851261721430205,0.6727986582297782,0.6944432267594225,0.00289919430843685
9,9,512,1.6924142837524414,0.6951665777235648,0.693885797057254,0.6922009605854997,0.6866432873370436,0.6778074254783868,0.6949997617572784,0.0035322963429818013
