dataset,n_attr,best_k_accuracy,max_accuracy,best_k_noise,noise_robustness,best_k_stability,stability
dados_covid_sbpo_atual,9,7,0.69505222230693,7,0.6900434550583212,7,0.0026101168026970724
banknotes,5,1,1.0,1,1.0,1,0.0
transfusion,4,2,0.7105263157894737,3,0.708187134502924,3,0.02681999153030389
mammographic,4,2,0.8093385214007782,2,0.8038910505836576,2,0.02701928277878287
raisin,7,2,0.8703703703703703,6,0.8511111111111112,4,0.021604254839278626
rice,7,1,0.9250764525993884,5,0.9172782874617738,2,0.006889629611733565
diabetes,8,4,0.7666666666666667,7,0.7646666666666666,3,0.02405144948276969
skin,4,1,1.0,1,0.999737381886216,1,0.0
