,k_value,n_params,train_time,baseline_accuracy,noise_0.05,noise_0.1,noise_0.2,noise_0.3
1,1,8,0.0020017623901367188,0.8592592592592593,0.8577777777777778,0.8548148148148147,0.8488888888888889,0.8496296296296297
2,2,29,0.0019979476928710938,0.8703703703703703,0.8674074074074074,0.8585185185185186,0.8607407407407408,0.8474074074074073
3,3,64,0.0029973983764648438,0.8629629629629629,0.8614814814814815,0.8577777777777778,0.8562962962962963,0.8481481481481481
4,4,99,0.0049974918365478516,0.8666666666666667,0.86,0.8577777777777778,0.8614814814814814,0.8466666666666667
5,5,120,0.010001659393310547,0.8629629629629629,0.8644444444444446,0.8637037037037036,0.8592592592592592,0.8503703703703703
6,6,127,0.009088993072509766,0.8629629629629629,0.8629629629629629,0.8644444444444443,0.8592592592592594,0.8496296296296295
7,7,128,0.010997533798217773,0.8629629629629629,0.8651851851851852,0.868148148148148,0.8533333333333333,0.8466666666666667
