,k_value,n_params,train_time,baseline_accuracy,noise_0.05,noise_0.1,noise_0.2,noise_0.3,bootstrap_mean,bootstrap_std
1,1,8,0.45235586166381836,0.7209480122324159,0.7209480122324159,0.7186544342507645,0.718348623853211,0.7070336391437309,0.7192351816443595,0.013023601299834908
2,2,29,0.9650235176086426,0.841743119266055,0.8325688073394495,0.8212538226299694,0.7940366972477064,0.7478593272171253,0.8432122370936901,0.010886914604578789
3,3,64,2.1330583095550537,0.8952599388379205,0.8746177370030581,0.8371559633027523,0.7516819571865444,0.7004587155963302,0.8964053537284894,0.010174815257502896
4,4,99,2.7839510440826416,0.9113149847094801,0.8894495412844037,0.8360856269113149,0.7614678899082568,0.7134556574923547,0.9107839388145313,0.008731666922531592
5,5,120,3.8603460788726807,0.9204892966360856,0.8951070336391437,0.8498470948012233,0.7706422018348624,0.7111620795107034,0.9186615678776291,0.006850996765295202
6,6,127,3.9313924312591553,0.9220183486238532,0.9073394495412843,0.8721712538226299,0.8044342507645261,0.7472477064220184,0.9212619502868067,0.008025492325496288
7,7,128,3.8024778366088867,0.9235474006116208,0.917125382262997,0.8951070336391437,0.8715596330275229,0.8451070336391437,0.9221032504780114,0.006521281912535131
