,k_value,n_params,train_time,baseline_accuracy,noise_0.05,noise_0.1,noise_0.2,noise_0.3
1,1,10,0.10499978065490723,0.6865899214759472,0.6867500190592362,0.6861706182816194,0.6857741861706184,0.6834108408934969
2,2,46,0.31304383277893066,0.689525043836243,0.690012960280552,0.6900434550583213,0.6889532667530686,0.6871998170313334
3,3,130,5.101635694503784,0.6938705496683693,0.6937333231684074,0.6933521384462911,0.6907067164748038,0.6870549668369292
4,4,256,71.49651622772217,0.6944042082793321,0.6941297552794083,0.6936875810017534,0.691247998780209,0.6846001372265
5,5,382,102.6179575920105,0.6947091560570252,0.694327971334909,0.6936875810017534,0.6904475108637647,0.6847831058931158
6,6,466,126.95608043670654,0.6947091560570252,0.6946939086681405,0.6939162918350232,0.6897537546695129,0.6844476633376535
7,7,502,133.9985227584839,0.6947091560570252,0.6945566821681787,0.6942136159182739,0.6902797895860333,0.6854082488373867
8,8,511,136.07843208312988,0.6947091560570252,0.6946176717237174,0.6936342151406572,0.6899748418083403,0.6846153846153846
9,9,512,137.71534204483032,0.6947091560570252,0.694610048029275,0.6934283753907143,0.6907982008081117,0.6841045970877487
