dataset,n_attr,best_k_accuracy,max_accuracy,best_k_noise,noise_robustness,best_k_stability,stability
dados_covid_sbpo_atual,9,9,0.6951665777235648,9,0.6771975299230008,8,0.002634922453597275
banknotes,5,3,1.0,5,1.0,3,0.0
transfusion,4,4,0.7134502923976608,4,0.7064327485380117,3,0.02549671583193384
mammographic,4,4,0.8054474708171206,4,0.7961089494163425,4,0.027372070073472303
raisin,7,7,0.8629629629629629,7,0.8459259259259259,7,0.024762417040104113
rice,7,6,0.9220183486238532,7,0.886085626911315,5,0.008397256254371951
diabetes,8,8,0.7966666666666666,8,0.7193333333333334,8,0.024785748593361738
skin,4,4,1.0,4,0.995679674559514,4,0.0
