dataset,accuracy_efficiency,robustness_efficiency,stability_efficiency
dados_covid_sbpo_atual,0.2557950189162377,0.2491830886690965,0.36710513439688636
banknotes,0.6425486044692343,0.6160483210529383,0.6425486044692343
transfusion,0.5042146507005267,0.49925516233298056,0.6970995022123933
mammographic,0.5692315491116459,0.5626317630349891,0.6873825088800096
raisin,0.40327650681154126,0.39531482470281554,0.455744247026598
rice,0.43151096254523114,0.41408210049919153,0.46907725444181997
diabetes,0.3285383726083597,0.2966467816271299,0.40216983652922605
skin,0.7067270923753284,0.7036738013386586,0.7067270923753284
