,k_value,n_params,train_time,baseline_accuracy,noise_0.1,noise_0.2,noise_0.3,noise_0.1_std,noise_0.2_std,noise_0.3_std
1,1,10,0.1079564094543457,0.6865899214759472,0.6866509110314858,0.6854921094762523,0.6838301440878249,0.0004801111990191322,0.0005552227325160493,0.0005848919045152925
2,2,46,0.41480207443237305,0.689525043836243,0.6901883052527256,0.6889532667530686,0.6868033849203324,0.00022174337992295095,0.0004244693422909467,0.0006520821767276938
3,3,130,1.3759112358093262,0.6938705496683693,0.6933521384462911,0.6912861172524206,0.6876801097812001,0.0006453627334014734,0.0006038620522470675,0.0012291892278373134
4,4,256,72.71460700035095,0.6945566821681787,0.6927727376686742,0.6880841655866432,0.6825874818937256,0.0004355525457676591,0.0005435859867340135,0.0009500603845192708
5,5,382,126.23071432113647,0.69505222230693,0.6929328352519631,0.6871998170313335,0.6811923458107799,0.0004526959774126212,0.0003460183187591716,0.0008422716136088937
6,6,466,129.200190782547,0.6939467866127925,0.6924068003354426,0.6883814896698941,0.6784478158115423,0.0006543066567393808,0.0010044777977891758,0.0011355466640574241
7,7,502,144.622314453125,0.6940992605016391,0.6931920408630021,0.6875505069756803,0.6775101013951361,0.0008439261019217596,0.001192419900649085,0.0014362927025582247
8,8,511,148.36771702766418,0.6940992605016391,0.6934741175573682,0.6881604025310665,0.6778074254783868,0.0008353426408972728,0.0013402099225948425,0.0008016125289682021
9,9,512,150.6820158958435,0.6942517343904856,0.6936799573073111,0.6893115803918579,0.6808035373942213,0.0007276535792629395,0.0010132919547879932,0.0008947372548792365
