,k_value,n_params,train_time,baseline_accuracy,noise_0.1,noise_0.2,noise_0.3,bootstrap_mean,bootstrap_std
1,1,10,0.09908723831176758,0.6865899214759472,0.6866509110314858,0.6854921094762523,0.6838301440878249,0.6868413779959022,0.002910071173512014
2,2,46,0.37359094619750977,0.689525043836243,0.6905085004193031,0.6890904932530304,0.6864145765037738,0.6888178396149998,0.002989007884123074
3,3,130,1.3505325317382812,0.6938705496683693,0.6936342151406573,0.6911260196691316,0.6872303118091028,0.6942307142516795,0.003297564183086868
4,4,256,71.14715266227722,0.6945566821681787,0.6922771975299231,0.687771594114508,0.6823435236715711,0.6940315433363513,0.002507287229920699
5,5,382,106.84553265571594,0.69505222230693,0.6929938248075016,0.6879621864755661,0.6805290843942975,0.695260875780245,0.0036036056984513295
6,6,466,129.15861296653748,0.6939467866127925,0.6930166958908288,0.6881070366699703,0.6786689029503699,0.6940420260161052,0.0032365676304572555
7,7,502,142.64185094833374,0.6940992605016391,0.6933597621407335,0.687565754364565,0.6764809026454219,0.6946709868013532,0.0026649879833699876
8,8,511,146.33088946342468,0.6940992605016391,0.6930776854463673,0.6872684302813143,0.6790272165891591,0.6943393529327679,0.003100587840337011
9,9,512,149.0944423675537,0.6942517343904856,0.6933750095296181,0.6893344514751849,0.6813067012274148,0.6938095011197407,0.003120066414308163
