Feature,Phi_Value
0,-0.9708895200687366
1,-1.4871285504668996
2,-0.33049679094539913
3,-1.2304526566514826
4,-1.0824627934133417
5,-0.1781283214952459
6,-1.521396483395658
