Index,Interaction_Value
0,-0.1689494102739555
1,-0.30453127044092315
2,-0.1669927872887343
3,-0.06451372173223305
4,0.1425778086200844
