Index,Interaction_Value
0,-0.05883570458416379
1,-0.2766969818751431
2,-0.17922932224707355
