Index,Interaction_Value
0,-0.5347425307909072
1,-0.6180901040583646
