,k_value,n_params,train_time,baseline_accuracy,noise_0.05,noise_0.1,noise_0.2,noise_0.3,bootstrap_mean,bootstrap_std
1,1,9,0.021619558334350586,0.65,0.648,0.6439999999999999,0.64,0.6286666666666667,0.6499166666666666,0.030748644956593876
2,2,37,0.3138554096221924,0.6466666666666666,0.6573333333333333,0.6393333333333333,0.6346666666666667,0.636,0.6515,0.034316338836057544
3,3,93,0.5916178226470947,0.63,0.6426666666666666,0.6353333333333333,0.64,0.6406666666666666,0.629,0.030367654575953747
4,4,163,0.9904205799102783,0.68,0.6846666666666668,0.678,0.6519999999999999,0.6266666666666667,0.6829166666666666,0.027679339467070626
5,5,219,1.3325021266937256,0.6866666666666666,0.6900000000000001,0.6773333333333332,0.6466666666666667,0.6413333333333333,0.7010833333333332,0.03089869198957565
6,6,247,1.6464786529541016,0.74,0.7246666666666666,0.7013333333333334,0.674,0.658,0.7429166666666667,0.027427302901387233
7,7,255,1.5753238201141357,0.7366666666666667,0.7166666666666667,0.7013333333333333,0.6646666666666667,0.6506666666666667,0.7349166666666668,0.026442941717340504
8,8,256,0.7925570011138916,0.7666666666666667,0.758,0.7473333333333333,0.72,0.71,0.7661666666666666,0.026268379808769657
