,k_value,n_params,train_time,baseline_accuracy,noise_0.05,noise_0.1,noise_0.2,noise_0.3
1,1,9,0.043009281158447266,0.6633333333333333,0.6499999999999999,0.65,0.6353333333333333,0.6253333333333333
2,2,37,0.12410402297973633,0.65,0.6513333333333333,0.6433333333333333,0.6446666666666667,0.6346666666666666
3,3,93,0.2678568363189697,0.6533333333333333,0.6493333333333332,0.6513333333333333,0.6460000000000001,0.6399999999999999
4,4,163,0.45489001274108887,0.66,0.664,0.666,0.6506666666666666,0.6526666666666666
5,5,219,0.6031796932220459,0.6533333333333333,0.658,0.6493333333333334,0.652,0.6346666666666667
6,6,247,0.6750671863555908,0.6766666666666666,0.676,0.674,0.664,0.6433333333333333
7,7,255,0.693218469619751,0.7433333333333333,0.7273333333333334,0.7273333333333333,0.7066666666666667,0.6859999999999999
8,8,256,0.7664287090301514,0.78,0.7733333333333333,0.7626666666666666,0.7459999999999999,0.734
