,k_value,n_params,train_time,baseline_accuracy,noise_0.1,noise_0.2,noise_0.3
1,1,6,0.003512144088745117,0.973741794310722,0.9614879649890591,0.9225382932166302,0.886214442013129
2,2,16,0.0029997825622558594,0.9934354485776805,0.9894967177242888,0.9811816192560174,0.9540481400437638
3,3,26,0.006000041961669922,1.0,1.0,1.0,0.9864332603938731
4,4,31,0.0031049251556396484,1.0,1.0,1.0,0.999562363238512
5,5,32,0.005002260208129883,1.0,1.0,0.999562363238512,0.9978118161925602
