Index,Interaction_Value
0,0.3284188499121609
1,0.6521072131805865
2,-0.7715876382722672
3,-0.0166827856491642
4,0.4674010578045528
5,2.339709156845489
