Feature,Phi_Value
0,0.5938383211430986
1,-0.7321551119908609
2,-3.494512854265864
3,13.807914343349799
