Feature,Phi_Value
0,0.5838658792353499
1,-0.7621206810398176
2,-3.4932996747661735
3,13.817291120044016
