Feature,Phi_Value
0,0.8911852815319401
1,-0.29526794561407227
2,-3.497364510940138
3,16.02044493849109
