,k_value,n_params,train_time,baseline_accuracy,noise_0.1,noise_0.2,noise_0.3,bootstrap_mean,bootstrap_std
1,1,5,0.0009982585906982422,0.7134502923976608,0.7105263157894737,0.7099415204678363,0.7,0.7166300366300367,0.03232388520465422
2,2,11,0.03634476661682129,0.7134502923976608,0.7099415204678363,0.7134502923976609,0.7070175438596491,0.7164835164835164,0.028477350513665657
3,3,15,0.04947543144226074,0.7134502923976608,0.7081871345029239,0.7070175438596491,0.6970760233918128,0.7076923076923076,0.026717337038550143
4,4,16,0.05393099784851074,0.7134502923976608,0.716374269005848,0.7105263157894737,0.7046783625730995,0.7093040293040295,0.02673500883071258
