k_value,feature_combination,features_kept,features_dropped,kept_indices,accuracy,n_params
1,"[0, 1, 2, 3, 4, 5, 6]",7,1,"0,1,2,3,4,5,6",0.8166666666666667,8
1,"[0, 1, 2, 4, 5, 6, 7]",7,1,"0,1,2,4,5,6,7",0.7866666666666666,8
1,"[0, 1, 2, 3, 4, 5, 6, 7]",8,0,"0,1,2,3,4,5,6,7",0.78,9
1,"[0, 1, 2, 3, 5, 6, 7]",7,1,"0,1,2,3,5,6,7",0.7766666666666666,8
1,"[0, 1, 3, 4, 5, 6, 7]",7,1,"0,1,3,4,5,6,7",0.7666666666666667,8
1,"[1, 2, 3, 4, 5, 6, 7]",7,1,"1,2,3,4,5,6,7",0.7633333333333333,8
1,"[0, 1, 2, 3, 4, 5, 7]",7,1,"0,1,2,3,4,5,7",0.76,8
1,"[0, 1, 2, 3, 4, 6, 7]",7,1,"0,1,2,3,4,6,7",0.7533333333333333,8
1,"[0, 2, 3, 4, 5, 6, 7]",7,1,"0,2,3,4,5,6,7",0.72,8
