,k_value,n_params,train_time,baseline_accuracy,noise_0.1,noise_0.2,noise_0.3,bootstrap_mean,bootstrap_std
1,1,10,0.02194523811340332,0.6866280399481589,0.6865746740870626,0.6854692383929252,0.6837767782267287,0.6868842616858053,0.00291334531387346
2,2,46,0.10581135749816895,0.689525043836243,0.6905694899748418,0.6891133643363574,0.6864755660593123,0.6888178396149998,0.002989007884123074
3,3,130,0.5080654621124268,0.6937561942517344,0.6935503545017915,0.6913471068079592,0.687657238697873,0.6941134988326109,0.0033095508584713995
4,4,256,1.5466029644012451,0.6943660898071206,0.6941831211405047,0.6925973926965007,0.6887855454753373,0.6939476818983181,0.0025458709539737424
5,5,382,4.121691942214966,0.6948235114736602,0.6945948006403903,0.6926965007242509,0.6894259358084929,0.6948558631533807,0.003581413823788287
6,6,466,8.132153511047363,0.6948616299458718,0.6946252954181596,0.6935960966684455,0.6898757337805901,0.6949730785724496,0.0034384029507750313
7,7,502,11.563801288604736,0.69505222230693,0.6951818251124495,0.6933673858351758,0.6890142563086071,0.6956668413779958,0.0027145448891886226
8,8,511,13.215951204299927,0.69505222230693,0.6949302431958527,0.6918960128078065,0.6897385072806281,0.6953676085195597,0.0029876578096236137
9,9,512,13.53047490119934,0.69505222230693,0.6946024243348325,0.6932149119463291,0.689593657086224,0.6946119026063754,0.003198941581146171
