,k_value,n_params,train_time,baseline_accuracy,noise_0.05,noise_0.1,noise_0.2,noise_0.3
1,1,6,0.0019974708557128906,1.0,1.0,1.0,1.0,0.999562363238512
2,2,16,0.001001119613647461,1.0,1.0,1.0,1.0,0.999562363238512
3,3,26,0.001998424530029297,1.0,1.0,1.0,1.0,0.999562363238512
4,4,31,0.002002239227294922,1.0,1.0,1.0,1.0,0.9991247264770241
5,5,32,0.003000020980834961,1.0,1.0,1.0,1.0,1.0
