,k_value,n_params,train_time,baseline_accuracy,noise_0.05,noise_0.1,noise_0.2,noise_0.3,bootstrap_mean,bootstrap_std
1,1,9,0.006997346878051758,0.6466666666666666,0.6413333333333333,0.6353333333333333,0.6266666666666667,0.6246666666666666,0.6426666666666666,0.03301472735344368
2,2,37,0.007642269134521484,0.6666666666666666,0.6626666666666667,0.6706666666666667,0.6546666666666667,0.6393333333333333,0.6721666666666667,0.03798245208865097
3,3,93,0.00900125503540039,0.6833333333333333,0.6846666666666666,0.68,0.6686666666666666,0.654,0.6876666666666666,0.03568729932809897
4,4,163,0.010914802551269531,0.69,0.6933333333333334,0.7013333333333334,0.6759999999999999,0.6446666666666667,0.6859166666666667,0.03140118982176029
5,5,219,0.010037660598754883,0.7,0.7,0.6993333333333334,0.6906666666666667,0.6706666666666666,0.6961666666666666,0.025615208156267034
6,6,247,0.011177539825439453,0.74,0.7346666666666668,0.7306666666666666,0.6893333333333334,0.688,0.7303333333333335,0.0315352536413174
7,7,255,0.012040853500366211,0.7433333333333333,0.7293333333333334,0.7193333333333334,0.7086666666666667,0.6733333333333335,0.7492499999999999,0.024898265222924897
8,8,256,0.012323141098022461,0.7966666666666666,0.788,0.7706666666666666,0.74,0.7193333333333334,0.7963333333333334,0.024785748593361738
