,k_value,n_params,train_time,baseline_accuracy,noise_0.05,noise_0.1,noise_0.2,noise_0.3,bootstrap_mean,bootstrap_std
1,1,6,0.005084991455078125,1.0,1.0,1.0,1.0,1.0,1.0,0.0
2,2,16,0.01722884178161621,1.0,1.0,1.0,1.0,1.0,1.0,0.0
3,3,26,0.02352309226989746,1.0,1.0,1.0,1.0,0.9986870897155361,1.0,0.0
4,4,31,0.030483245849609375,1.0,1.0,1.0,1.0,0.9991247264770241,1.0,0.0
5,5,32,0.03677082061767578,1.0,1.0,1.0,1.0,0.9991247264770241,1.0,0.0
