,k_value,n_params,train_time,baseline_accuracy,noise_0.05,noise_0.1,noise_0.2,noise_0.3,bootstrap_mean,bootstrap_std
1,1,6,0.013280391693115234,1.0,1.0,1.0,1.0,1.0,1.0,0.0
2,2,16,0.0060002803802490234,1.0,1.0,1.0,1.0,0.9986870897155361,1.0,0.0
3,3,26,0.009002208709716797,1.0,1.0,1.0,1.0,0.9991247264770241,1.0,0.0
4,4,31,0.014536380767822266,1.0,1.0,1.0,1.0,0.999562363238512,1.0,0.0
5,5,32,0.011999845504760742,1.0,1.0,1.0,1.0,0.9982494529540482,1.0,0.0
