,k_value,n_params,train_time,baseline_accuracy,noise_0.05,noise_0.1,noise_0.2,noise_0.3,bootstrap_mean,bootstrap_std
1,1,6,0.001790761947631836,1.0,1.0,1.0,1.0,1.0,1.0,0.0
2,2,16,0.004999637603759766,1.0,1.0,1.0,1.0,1.0,1.0,0.0
3,3,26,0.009003400802612305,1.0,1.0,1.0,1.0,0.999562363238512,1.0,0.0
4,4,31,0.011050939559936523,1.0,1.0,1.0,1.0,0.9986870897155361,1.0,0.0
5,5,32,0.017423629760742188,1.0,1.0,1.0,1.0,0.9986870897155361,1.0,0.0
