,k_value,n_params,train_time,baseline_accuracy,noise_0.05,noise_0.1,noise_0.2,noise_0.3
1,1,6,0.007165431976318359,0.975929978118162,0.975492341356674,0.9689277899343545,0.9492341356673961,0.9080962800875273
2,2,16,0.012999534606933594,0.9978118161925602,0.9978118161925602,0.9921225382932166,0.9619256017505471,0.926039387308534
3,3,26,0.018000364303588867,1.0,0.9978118161925602,0.9969365426695843,0.975929978118162,0.9435448577680525
4,4,31,0.023000717163085938,1.0,1.0,1.0,0.9991247264770241,0.9916849015317286
5,5,32,0.025999784469604492,1.0,1.0,1.0,0.9991247264770241,0.9894967177242888
