,k_value,n_params,train_time,baseline_accuracy,noise_0.05,noise_0.1,noise_0.2,noise_0.3
1,1,10,0.2203812599182129,0.541625371655104,0.5456506823206526,0.5593733323168407,0.570206602119387,0.5733094457574139
2,2,46,0.2928590774536133,0.5880917892810856,0.5881375314477396,0.5923915529465579,0.6082335899977129,0.6115575207745674
3,3,130,0.42516446113586426,0.6419150720439125,0.6418388350994892,0.6418617061828161,0.6461385987649615,0.6458488983761531
4,4,256,0.6070802211761475,0.6770221849508272,0.676740108256461,0.6767706030342304,0.6760234809788824,0.6720896546466417
5,5,382,0.7542870044708252,0.6905923610581688,0.6909964168636121,0.6906685980025922,0.6886254478920485,0.6814210566440497
6,6,466,0.8736448287963867,0.695357170084623,0.6949683616680644,0.6940306472516582,0.6910726538080354,0.6844552870320959
7,7,502,1.2300574779510498,0.695357170084623,0.6950217275291606,0.6940687657238698,0.691179385530228,0.6850880536708088
8,8,511,1.2863056659698486,0.6940611420294275,0.6950598460013722,0.6946862849736982,0.6927727376686743,0.6884424792254327
9,9,512,1.2628223896026611,0.6940611420294275,0.6943737135015629,0.6941754974460623,0.6921704658077303,0.6868567507814287
