,k_value,n_params,train_time,baseline_accuracy,noise_0.05,noise_0.1,noise_0.2,noise_0.3
1,1,5,0.002005338668823242,0.7509727626459144,0.7556420233463035,0.7494163424124514,0.7517509727626459,0.7385214007782102
2,2,11,0.008999347686767578,0.7937743190661478,0.7891050583657587,0.7867704280155642,0.7797665369649806,0.7735408560311284
3,3,15,0.009999752044677734,0.7704280155642024,0.77431906614786,0.7813229571984436,0.7797665369649806,0.7735408560311284
4,4,16,0.0161130428314209,0.8093385214007782,0.8140077821011673,0.8116731517509728,0.8093385214007782,0.8140077821011673
