,k_value,n_params,train_time,baseline_accuracy,noise_0.05,noise_0.1,noise_0.2,noise_0.3,bootstrap_mean,bootstrap_std
1,1,5,20.335553884506226,0.9732318334348904,0.971959937864211,0.9646340940104189,0.934436443841777,0.895162162394116,0.9732839135332294,0.0005529832382798418
2,2,11,72.41748189926147,0.9976999459315649,0.9949793595894233,0.9836438692402097,0.9556570173104815,0.9198757284219742,0.9977091669795632,0.0001401081775029267
3,3,15,85.967928647995,0.9999227593782988,0.9993786421098706,0.9953123524918682,0.9784086715471295,0.9576824380573126,0.9999225446548303,2.96749725116738e-05
4,4,16,39.4436309337616,1.0,1.0,1.0,0.9995880500175935,0.996337078073104,1.0,0.0
