,k_value,n_params,train_time,baseline_accuracy,noise_0.05,noise_0.1,noise_0.2,noise_0.3
1,1,5,20.218156814575195,1.0,0.9997339489696959,0.9980157742514096,0.988110093632798,0.9608853491705215
2,2,11,37.62213468551636,1.0,0.9999965670834798,0.9996944704297153,0.9940353075464087,0.9804083454200603
3,3,15,37.10794639587402,1.0,1.0,1.0,0.9989924390013647,0.9931049871694745
4,4,16,21.90265989303589,1.0,1.0,1.0,0.9997167843870958,0.9957483328899149
