,k_value,n_params,train_time,baseline_accuracy,noise_0.05,noise_0.1,noise_0.2,noise_0.3
1,1,8,0.003003835678100586,0.6222222222222222,0.6251851851851852,0.6296296296296295,0.6311111111111111,0.6177777777777778
2,2,29,0.003001689910888672,0.8074074074074075,0.8022222222222222,0.7903703703703703,0.7718518518518518,0.7577777777777778
3,3,64,0.0030002593994140625,0.8074074074074075,0.7992592592592593,0.794074074074074,0.7874074074074073,0.762962962962963
4,4,99,0.004000425338745117,0.8074074074074075,0.7992592592592592,0.7955555555555556,0.7918518518518519,0.774074074074074
5,5,120,0.003999233245849609,0.8074074074074075,0.7992592592592593,0.794074074074074,0.7755555555555556,0.7614814814814814
6,6,127,0.003999471664428711,0.8074074074074075,0.802962962962963,0.7955555555555556,0.7866666666666666,0.765925925925926
7,7,128,0.003999948501586914,0.825925925925926,0.8296296296296296,0.8311111111111111,0.8229629629629629,0.8111111111111111
