,k_value,n_params,train_time,baseline_accuracy,noise_0.05,noise_0.1,noise_0.2,noise_0.3,bootstrap_mean,bootstrap_std
1,1,5,0.005009174346923828,0.6695906432748538,0.671345029239766,0.6707602339181287,0.6707602339181287,0.6672514619883041,0.6698168498168497,0.02419812491259422
2,2,11,0.00599980354309082,0.7105263157894737,0.7087719298245615,0.7070175438596491,0.708187134502924,0.7005847953216374,0.7124542124542124,0.02136193891842247
3,3,15,0.006047725677490234,0.7076023391812866,0.7134502923976608,0.7093567251461989,0.7087719298245614,0.6871345029239766,0.7042490842490843,0.025291282998158707
4,4,16,0.006052494049072266,0.7134502923976608,0.7222222222222223,0.7222222222222221,0.7076023391812866,0.6988304093567251,0.7158974358974359,0.025209982375388268
