,k_value,n_params,train_time,baseline_accuracy,noise_0.05,noise_0.1,noise_0.2,noise_0.3,bootstrap_mean,bootstrap_std
1,1,5,0.011970996856689453,0.6695906432748538,0.6695906432748538,0.6730994152046784,0.6596491228070175,0.6637426900584795,0.6621245421245421,0.030713013356605628
2,2,11,0.009140491485595703,0.7105263157894737,0.7134502923976608,0.7058479532163743,0.7035087719298245,0.7040935672514619,0.7093772893772892,0.02991676251916413
3,3,15,0.014154195785522461,0.7076023391812866,0.7087719298245615,0.7128654970760234,0.7152046783625732,0.708187134502924,0.7041758241758241,0.028838425617470045
4,4,16,0.013115882873535156,0.7134502923976608,0.7216374269005847,0.7187134502923976,0.7111111111111111,0.6964912280701755,0.7123809523809522,0.02191982526890666
