,k_value,n_params,train_time,baseline_accuracy,noise_0.05,noise_0.1,noise_0.2,noise_0.3,bootstrap_mean,bootstrap_std
1,1,5,0.005959510803222656,0.6695906432748538,0.6730994152046784,0.6678362573099415,0.6695906432748538,0.6690058479532164,0.6702564102564104,0.03165894884309145
2,2,11,0.0,0.7105263157894737,0.7128654970760233,0.7146198830409357,0.7058479532163743,0.7,0.7162637362637363,0.025231794510614417
3,3,15,0.007996797561645508,0.7076023391812866,0.7116959064327485,0.7140350877192982,0.7046783625730993,0.7058479532163744,0.7123809523809524,0.022630604631569615
4,4,16,0.005961418151855469,0.7134502923976608,0.7263157894736842,0.7192982456140351,0.7175438596491229,0.6929824561403508,0.7154578754578754,0.024729371523300386
