,k_value,n_params,train_time,baseline_accuracy,noise_0.05,noise_0.1,noise_0.2,noise_0.3,bootstrap_mean,bootstrap_std
1,1,5,0.008688688278198242,0.6695906432748538,0.6701754385964912,0.6660818713450292,0.6672514619883041,0.6625730994152047,0.6797802197802197,0.02726505295454021
2,2,11,0.011056184768676758,0.7105263157894737,0.7105263157894737,0.712280701754386,0.7029239766081872,0.6883040935672515,0.709010989010989,0.02904796548347841
3,3,15,0.0010046958923339844,0.7076023391812866,0.7169590643274854,0.7198830409356726,0.7,0.7035087719298245,0.7047619047619048,0.02495148185483722
4,4,16,0.004477500915527344,0.7134502923976608,0.7216374269005847,0.7222222222222221,0.7093567251461987,0.6877192982456141,0.7080586080586082,0.027345248506723874
