,k_value,n_params,train_time,baseline_accuracy,noise_0.05,noise_0.1,noise_0.2,noise_0.3
1,1,10,0.022803306579589844,0.6866280399481589,0.686490813448197,0.6862773500038118,0.6849279560875201,0.6833955935046123
2,2,46,0.10390710830688477,0.689525043836243,0.6899443470305711,0.6898604863917055,0.6894183121140505,0.686978729892506
3,3,130,0.5203490257263184,0.693794312723946,0.693634215140657,0.693161546085233,0.6911641381413433,0.6872303118091028
4,4,256,1.289560079574585,0.6940611420294275,0.6938934207516962,0.6937104520850805,0.6919112601966912,0.6883738659754517
5,5,382,1.641294002532959,0.6944423267515438,0.6945948006403904,0.6940763894183121,0.6919417549744606,0.6884577266143173
6,6,466,2.195321798324585,0.6942898528626973,0.6943889608904475,0.694236487001601,0.6916749256689793,0.6882976290310284
7,7,502,2.271409273147583,0.6944423267515438,0.6945490584737365,0.693862925973927,0.6914462148357094,0.687657238697873
8,8,511,2.4969358444213867,0.6943660898071206,0.6945566821681787,0.6939162918350232,0.6920027445299992,0.6881451551421818
9,9,512,2.4687676429748535,0.6943279713349089,0.6941602500571776,0.693885797057254,0.6914462148357094,0.6874056567812762
