,k_value,n_params,train_time,baseline_accuracy,noise_0.05,noise_0.1,noise_0.2,noise_0.3
1,1,5,0.2336421012878418,1.0,1.0,1.0,1.0,0.9997768604261965
2,2,11,0.3038489818572998,1.0,1.0,1.0,1.0,0.9996773058471151
3,3,15,0.433854341506958,1.0,1.0,1.0,1.0,0.9996790223053751
4,4,16,0.5062680244445801,1.0,1.0,1.0,1.0,0.9996464095984345
