,k_value,n_params,train_time,baseline_accuracy,noise_0.05,noise_0.1,noise_0.2,noise_0.3
1,1,5,1.326075553894043,1.0,1.0,1.0,0.9999982835417398,0.9995794677262936
2,2,11,2.7106409072875977,1.0,1.0,1.0,1.0,0.9995726018932534
3,3,15,3.8931500911712646,1.0,1.0,1.0,1.0,0.9995811841845536
4,4,16,4.227587938308716,1.0,1.0,1.0,1.0,0.9995228246037128
