,k_value,n_params,train_time,baseline_accuracy,noise_0.05,noise_0.1,noise_0.2,noise_0.3,bootstrap_mean,bootstrap_std
1,1,8,0.0947105884552002,0.7074074074074074,0.7222222222222221,0.7244444444444444,0.7148148148148149,0.6933333333333334,0.7046296296296297,0.028403447500329564
2,2,29,0.19633245468139648,0.7703703703703704,0.7770370370370371,0.7696296296296297,0.731111111111111,0.7125925925925927,0.7698148148148148,0.02826789829601901
3,3,64,0.3824033737182617,0.8111111111111111,0.7962962962962963,0.7748148148148147,0.7237037037037037,0.6844444444444444,0.8140740740740741,0.028212037629624764
4,4,99,0.5669715404510498,0.8333333333333334,0.8237037037037037,0.7814814814814814,0.72,0.6666666666666667,0.8341666666666667,0.02662242343129718
5,5,120,0.6827483177185059,0.8407407407407408,0.8214814814814814,0.7733333333333334,0.725925925925926,0.6481481481481481,0.8412962962962963,0.028793765519373047
6,6,127,0.7220935821533203,0.8407407407407408,0.8362962962962964,0.8022222222222222,0.7214814814814815,0.6881481481481483,0.8377777777777778,0.02644908663476762
7,7,128,0.800307035446167,0.8666666666666667,0.8607407407407408,0.834814814814815,0.7962962962962964,0.7762962962962963,0.8691666666666665,0.02299598133914582
