,k_value,n_params,train_time,baseline_accuracy,noise_0.1,noise_0.2,noise_0.3,noise_0.1_std,noise_0.2_std,noise_0.3_std
1,1,10,0.031702280044555664,0.6866280399481589,0.6867576427536785,0.6856293359762141,0.683761530837844,0.0005521786677512398,0.0009773207571497043,0.001185331266586893
2,2,46,0.1191873550415039,0.689525043836243,0.6897156361973013,0.6892429671418769,0.6867195242814669,0.00023865938617821037,0.0006914484923914712,0.0013649606963381914
3,3,130,0.4556887149810791,0.6937561942517344,0.6926126400853854,0.6913318594190744,0.687520012197911,0.0005108444177098721,0.0003345751049400156,0.00039584523856816135
4,4,256,1.5423502922058105,0.6943660898071206,0.6942059922238316,0.6921247236410764,0.6896775177250896,0.00042268556150427955,0.00067001822193244,0.0008340893128982454
5,5,382,4.462343692779541,0.6948235114736602,0.694190744834947,0.6929785774186171,0.6893420751696272,0.0004423057011316536,0.0007625981207696086,0.0016970898643673658
6,6,466,8.778871536254883,0.6948616299458718,0.694472821529313,0.6926507585575971,0.6886025768087215,0.0001889077028796839,0.0006865559077483618,0.0018044819329671123
7,7,502,11.314360618591309,0.69505222230693,0.6945033163070824,0.6929404589464054,0.6896393992528779,0.0008660865851381705,0.0007346488804846518,0.0007028698983984942
8,8,511,13.529860734939575,0.69505222230693,0.694564305862621,0.6926278874742701,0.6893878173362812,0.0004480501716830276,0.0010141519645233256,0.0005356154020050649
9,9,512,13.571841955184937,0.69505222230693,0.6944651978348707,0.6934969886406953,0.6888617824197606,0.0003731718609596976,0.0003837680246596994,0.0005858847619681562
