,k_value,n_params,train_time,baseline_accuracy,noise_0.05,noise_0.1,noise_0.2,noise_0.3
1,1,10,0.02644062042236328,0.6866280399481589,0.686422200198216,0.6865594266981779,0.6855454753373486,0.68404360753221
2,2,46,0.11101222038269043,0.689525043836243,0.6898986048639171,0.6900968209194176,0.6890066326141648,0.6870625905313715
3,3,130,0.42321205139160156,0.6937561942517344,0.693443622779599,0.693024319585271,0.6913471068079591,0.6878325836700465
4,4,256,1.519280195236206,0.6943660898071206,0.6939086681405808,0.6939849050850042,0.6930700617519251,0.6897385072806282
5,5,382,4.125320196151733,0.6948235114736602,0.6948235114736601,0.6943355950293512,0.6928032324464435,0.6889913852252801
6,6,466,8.039395332336426,0.6948616299458718,0.6948997484180833,0.6946329191126019,0.6931462986963483,0.6899443470305711
7,7,502,11.508626461029053,0.69505222230693,0.6950369749180454,0.6949912327513912,0.692277197529923,0.6895021727529161
8,8,511,13.242942571640015,0.69505222230693,0.6947625219181216,0.6947320271403522,0.6927346191964625,0.689174353891896
9,9,512,13.690293788909912,0.69505222230693,0.694914995806968,0.694846382556987,0.6928718456964245,0.6891133643363575
