,k_value,n_params,train_time,baseline_accuracy,noise_0.05,noise_0.1,noise_0.2,noise_0.3,bootstrap_mean,bootstrap_std
1,1,5,0.004064798355102539,0.7105263157894737,0.7134502923976609,0.711111111111111,0.708187134502924,0.7116959064327485,0.7108424908424908,0.028725143002576267
2,2,11,0.00462031364440918,0.7280701754385965,0.7274853801169591,0.7216374269005847,0.7222222222222222,0.711111111111111,0.7294505494505494,0.027606608094375866
3,3,15,0.004149675369262695,0.7105263157894737,0.7134502923976609,0.7204678362573099,0.7181286549707602,0.7087719298245613,0.7036630036630038,0.02427828216821324
4,4,16,0.0,0.7105263157894737,0.7070175438596491,0.7128654970760234,0.7192982456140351,0.7052631578947369,0.7106959706959708,0.02506404735801286
