,k_value,n_params,train_time,baseline_accuracy,noise_0.05,noise_0.1,noise_0.2,noise_0.3,bootstrap_mean,bootstrap_std
1,1,5,0.0009963512420654297,0.7105263157894737,0.7128654970760233,0.7146198830409356,0.7140350877192982,0.7017543859649122,0.7033699633699634,0.02765012194638791
2,2,11,0.0029997825622558594,0.7280701754385965,0.7286549707602339,0.723391812865497,0.7152046783625731,0.7,0.7205860805860805,0.02816504453980278
3,3,15,0.0050373077392578125,0.7105263157894737,0.7140350877192982,0.7192982456140351,0.7152046783625732,0.7064327485380117,0.713040293040293,0.02868962122356287
4,4,16,0.005045413970947266,0.7105263157894737,0.7134502923976609,0.7216374269005847,0.7116959064327485,0.697076023391813,0.7104761904761904,0.027712843907694976
