,k_value,n_params,train_time,baseline_accuracy,noise_0.05,noise_0.1,noise_0.2,noise_0.3,bootstrap_mean,bootstrap_std
1,1,5,0.0029840469360351562,0.7105263157894737,0.7134502923976608,0.7111111111111111,0.7140350877192982,0.7058479532163743,0.7050549450549449,0.02488945625504595
2,2,11,0.007019519805908203,0.7280701754385965,0.7274853801169592,0.723391812865497,0.7163742690058481,0.7099415204678363,0.7265201465201465,0.030835529479845254
3,3,15,0.01631903648376465,0.7105263157894737,0.7128654970760234,0.7116959064327485,0.712280701754386,0.697076023391813,0.7087912087912087,0.032361139580300055
4,4,16,0.015299081802368164,0.7105263157894737,0.7105263157894737,0.7064327485380116,0.7169590643274854,0.7064327485380117,0.7079120879120879,0.02487403357298678
