,k_value,n_params,train_time,baseline_accuracy,noise_0.05,noise_0.1,noise_0.2,noise_0.3
1,1,5,0.004114389419555664,0.6023391812865497,0.6064327485380117,0.6035087719298246,0.5801169590643275,0.5836257309941522
2,2,11,0.04300284385681152,0.7046783625730995,0.6970760233918127,0.6888888888888889,0.6941520467836257,0.6912280701754386
3,3,15,0.06889605522155762,0.7017543859649122,0.7087719298245614,0.7087719298245614,0.7058479532163743,0.7011695906432748
4,4,16,0.07199764251708984,0.7280701754385965,0.7204678362573099,0.7152046783625731,0.7105263157894737,0.6994152046783626
