Feature,Phi_Value
0,0.8279039144889082
1,1.3567553713276783
2,-0.067572873758607
3,0.5506679701937073
4,-0.35644271363568336
5,2.0719343070477634
6,0.4181980284958049
7,0.4760292277330134
