Feature,Phi_Value
0,0.7771693797432829
1,1.2424699226166962
2,-0.07852750335365674
3,0.49973215567978313
4,-0.4251345382283321
5,2.027624270139601
6,0.3482244310342515
7,0.4165373399547065
