dataset,n_attr,best_k_accuracy,max_accuracy,best_k_noise,noise_robustness,best_k_stability,stability
diabetes,8,4,0.7833333333333333,2,0.7446666666666666,4,0.02320814631881563
banknotes,5,1,1.0,1,1.0,1,0.0
transfusion,4,2,0.7280701754385965,2,0.7134502923976609,2,0.02481949217513057
mammographic,4,1,0.8132295719844358,4,0.8077821011673152,1,0.02321049220169816
skin,4,1,1.0,1,0.9997408148027359,1,0.0
