dataset,n_attr,best_k_accuracy,max_accuracy,best_k_noise,noise_robustness,best_k_stability,stability
dados_covid_sbpo_atual,9,6,0.6946710375848136,2,0.6867500190592362,3,0.002517584056849759
banknotes,5,1,1.0,1,1.0,1,0.0
transfusion,4,2,0.7280701754385965,3,0.7064327485380117,1,0.02765012194638791
mammographic,4,1,0.8132295719844358,2,0.8070038910505837,4,0.022438176017896643
raisin,7,1,0.8555555555555555,1,0.8451851851851853,4,0.01996245618816662
rice,7,3,0.926605504587156,1,0.9134556574923547,4,0.007418540928961476
diabetes,8,4,0.7833333333333333,2,0.752,2,0.024822285014344136
skin,4,1,1.0,1,0.9997202173036157,1,0.0
