dataset,accuracy_efficiency,robustness_efficiency,stability_efficiency
dados_covid_sbpo_atual,0.25943726986480087,0.39283532918098424,-0.0011730819480460914
banknotes,0.8304820237218405,0.8304820237218405,-0.0
transfusion,0.5506425283145727,0.5053383865943447,-0.02351018403842999
mammographic,0.6914680861053265,0.610340428599617,-0.01585766689533392
raisin,0.6815695811684693,0.6733081316997607,-0.009797877964355592
rice,0.4957146269273212,0.7276951050697787,-0.003641133035454255
diabetes,0.3500076840411066,0.44973444372949495,-0.014844995402953509
skin,0.8502741537276025,0.8500362617322067,-0.0
