,k_value,n_params,train_time,baseline_accuracy,noise_0.05,noise_0.1,noise_0.2,noise_0.3,bootstrap_mean,bootstrap_std
1,1,8,0.02244710922241211,0.9220183486238532,0.9224770642201834,0.9238532110091743,0.9207951070336391,0.9125382262996942,0.9231739961759082,0.007936165224376844
2,2,29,0.06801533699035645,0.9250764525993884,0.9230886850152904,0.9204892966360857,0.9119266055045872,0.8978593272171255,0.9256978967495221,0.007493756441983107
3,3,64,0.15290498733520508,0.926605504587156,0.9237003058103974,0.915290519877676,0.901223241590214,0.884862385321101,0.9252198852772466,0.00975759937067215
4,4,99,0.199554443359375,0.926605504587156,0.9215596330275229,0.9174311926605505,0.9010703363914374,0.8740061162079511,0.927189292543021,0.007185732001430999
5,5,120,0.2649362087249756,0.926605504587156,0.9229357798165138,0.9160550458715596,0.9015290519877676,0.8779816513761467,0.9252963671128107,0.00964401146902959
6,6,127,0.2688581943511963,0.926605504587156,0.9218654434250764,0.9166666666666666,0.9018348623853212,0.881651376146789,0.9263479923518164,0.009237299299187596
7,7,128,0.2697880268096924,0.926605504587156,0.9249235474006117,0.9169724770642201,0.8964831804281346,0.8850152905198776,0.9268451242829827,0.008598340894230111
