,k_value,n_params,train_time,baseline_accuracy,noise_0.05,noise_0.1,noise_0.2,noise_0.3,bootstrap_mean,bootstrap_std
1,1,6,0.007672786712646484,0.87527352297593,0.8752735229759301,0.8669584245076587,0.8590809628008753,0.849015317286652,0.8775342465753424,0.017381613069108917
2,2,16,0.0,0.975929978118162,0.9750547045951861,0.9772428884026259,0.9671772428884026,0.9518599562363239,0.9738082191780822,0.00820382127001112
3,3,26,0.015696287155151367,1.0,1.0,1.0,0.9986870897155361,0.9921225382932166,1.0,0.0
4,4,31,0.003998756408691406,1.0,1.0,1.0,1.0,0.999562363238512,1.0,0.0
5,5,32,0.011899232864379883,1.0,1.0,1.0,1.0,0.999562363238512,1.0,0.0
