,k_value,n_params,train_time,baseline_accuracy,noise_0.05,noise_0.1,noise_0.2,noise_0.3,bootstrap_mean,bootstrap_std
1,1,6,0.0088958740234375,0.87527352297593,0.8722100656455142,0.8652078774617069,0.8612691466083151,0.8367614879649891,0.8773698630136986,0.01764996064875524
2,2,16,0.0,0.975929978118162,0.9746170678336981,0.9702407002188185,0.9671772428884026,0.9466083150984683,0.9750684931506848,0.0073769380919650575
3,3,26,0.010852813720703125,1.0,1.0,1.0,0.9991247264770241,0.9938730853391686,1.0,0.0
4,4,31,0.0,1.0,1.0,1.0,1.0,0.9991247264770241,1.0,0.0
5,5,32,0.003002643585205078,1.0,1.0,1.0,1.0,0.9991247264770241,1.0,0.0
