,k_value,n_params,train_time,baseline_accuracy,noise_0.05,noise_0.1,noise_0.2,noise_0.3,bootstrap_mean,bootstrap_std
1,1,6,0.007795095443725586,0.87527352297593,0.8822757111597375,0.8660831509846826,0.8560175054704594,0.8538293216630196,0.872821917808219,0.017075242184672743
2,2,16,0.01755070686340332,0.975929978118162,0.9763676148796498,0.9768052516411379,0.9658643326039387,0.9509846827133479,0.9752328767123286,0.007330188058384921
3,3,26,0.008004903793334961,1.0,1.0,1.0,0.9973741794310722,0.9912472647702406,1.0,0.0
4,4,31,0.0165560245513916,1.0,1.0,1.0,1.0,1.0,1.0,0.0
5,5,32,0.0,1.0,1.0,1.0,1.0,1.0,1.0,0.0
