,k_value,n_params,train_time,baseline_accuracy,noise_0.05,noise_0.1,noise_0.2,noise_0.3,bootstrap_mean,bootstrap_std
1,1,6,0.012013912200927734,0.87527352297593,0.8796498905908097,0.8770240700218818,0.8560175054704595,0.8437636761487965,0.8739726027397259,0.020399463527656207
2,2,16,0.017489910125732422,0.975929978118162,0.975492341356674,0.9746170678336981,0.9663019693654267,0.950109409190372,0.978082191780822,0.006799821175885395
3,3,26,0.018402814865112305,1.0,1.0,1.0,0.9986870897155361,0.987746170678337,1.0,0.0
4,4,31,0.020560026168823242,1.0,1.0,1.0,1.0,0.9986870897155361,1.0,0.0
5,5,32,0.032233476638793945,1.0,1.0,1.0,1.0,1.0,1.0,0.0
