Index,Interaction_Value
0,-0.534742530133826
1,-0.6180901034272194
