Index,Interaction_Value
0,-0.16894890921147648
1,-0.3045309398279882
2,-0.16699328548341064
3,-0.06451413566725533
4,0.14257995115948488
