Index,Interaction_Value
0,-0.08503460622806816
1,-0.2915034065518259
2,-0.19406556950955256
3,-0.013784203023007927
