Index,Interaction_Value
0,-0.1795423543106766
1,-0.3046581432167859
2,-0.1643729175864511
3,-0.05127972513458136
4,0.14863916630005244
5,-0.6953298048081031
