Index,Interaction_Value
0,-0.16625305209221053
1,-0.25722980300899195
2,-0.15184132255491928
3,-0.046166779131552545
4,0.14788002619260143
5,-0.6785626241145519
6,-0.28226981305724463
