Feature,Phi_Value
0,-0.3252554504756782
1,-0.48692021158357535
2,0.5384032631337543
3,-0.37807202282639973
4,0.4484290424544629
5,-0.15695319550687029
6,-0.47713743680397214
7,-0.03906588656414811
8,-0.2503653400165502
9,0.12400208666554183
10,0.39728843959204035
11,0.08143484386152205
12,-0.09315915741825025
13,-0.18349597943907364
14,0.15282975675480306
