,k_value,n_params,train_time,baseline_accuracy,noise_0.05,noise_0.1,noise_0.2,noise_0.3,bootstrap_mean,bootstrap_std
1,1,5,1.537388563156128,0.9710519314446571,0.9689200902857044,0.9590847844557541,0.9254851140157399,0.8847466936722765,0.9711273936598187,0.0005870997742986433
2,2,11,1.6167008876800537,0.9974424771925609,0.9943459864914737,0.9822157759678678,0.9540847415442976,0.9247504698804487,0.9974343185109694,0.00015799318917487725
3,3,15,1.686096429824829,0.9998111895913971,0.9997871591757568,0.9993134166959894,0.9917610003518739,0.9766767651627631,0.9998105455130611,3.9423197227411884e-05
4,4,16,1.7659118175506592,1.0,1.0,1.0,0.999409538358551,0.9956676593516937,1.0,0.0
