,k_value,n_params,train_time,baseline_accuracy,noise_0.05,noise_0.1,noise_0.2,noise_0.3,bootstrap_mean,bootstrap_std
1,1,5,2.6119425296783447,0.9710519314446571,0.9688943434118041,0.9590315742496932,0.9259537071207271,0.8851655094877231,0.9709055409537093,0.00047800633785979635
2,2,11,3.764845609664917,0.9974424771925609,0.9943871814897142,0.9820887580566261,0.9535183103184888,0.924906667582111,0.9974265944322266,0.00015899930339147815
3,3,15,2.824065685272217,0.9998111895913971,0.9997545464688162,0.9993185660707695,0.991764433268394,0.9763334735107578,0.999819771496004,3.891724968559508e-05
4,4,16,2.821829319000244,1.0,1.0,0.9999982835417398,0.9993958066924709,0.9955732541473921,1.0,0.0
