,k_value,n_params,train_time,baseline_accuracy,noise_0.05,noise_0.1,noise_0.2,noise_0.3,bootstrap_mean,bootstrap_std
1,1,5,1.5116362571716309,0.9710519314446571,0.9688600142466035,0.959283893613917,0.925620714218282,0.8851758082372833,0.971031057233278,0.0005247356475160197
2,2,11,1.6277883052825928,0.9974424771925609,0.994301358576713,0.9817609145289609,0.9536453282297307,0.92483285987693,0.9974737971356542,0.0001624875124075978
3,3,15,1.6556408405303955,0.9998111895913971,0.9997648452183764,0.9992584900316686,0.9918399574318352,0.9765188510028407,0.999816767687604,4.23630666418312e-05
4,4,16,1.7431535720825195,1.0,1.0,0.9999982835417398,0.9993940902342107,0.9956642264351737,1.0,0.0
