,k_value,n_params,train_time,baseline_accuracy,noise_0.05,noise_0.1,noise_0.2,noise_0.3
1,1,5,0.0020029544830322266,0.754863813229572,0.7571984435797665,0.7540856031128405,0.7509727626459144,0.7424124513618677
2,2,11,0.0019981861114501953,0.7782101167315175,0.7805447470817121,0.7805447470817121,0.7735408560311284,0.7634241245136186
3,3,15,0.0019991397857666016,0.7782101167315175,0.7836575875486381,0.7828793774319066,0.7782101167315175,0.7704280155642023
4,4,16,0.002999544143676758,0.7782101167315175,0.778988326848249,0.7821011673151751,0.7898832684824902,0.7821011673151752
