name,value
X1,0.48326365519625514
X2,-0.32700054069843076
X3,0.3702912583811057
X4,0.846600336763049
X5,-0.27449904894092275
X6,0.45724317807060016
X7,-0.05017901481773748
X8,0.584717499305468
X9,-0.10453148101431187
X10,0.0056374557666600544
X11,-0.16134039223355062
X12,-0.20001704926433544
X13,-0.3824127926503514
X14,0.23233592352276233
X15,0.14937397306834105
intercept,-0.7843478820581387
