name,value
X1,0.5854764707013317
X2,-0.4642312714911323
X3,0.45306593049773597
X4,1.078448892395818
X5,-0.3498354802941155
X6,0.5750223893019348
X7,-0.06412420459256224
X8,0.731059218033166
X9,-0.14533109571588268
X10,-0.0024485994047768606
X11,-0.20978665522432977
X12,-0.24864740858325046
X13,-0.47290383249814616
X14,0.2951206849367448
X15,0.19948170141591212
intercept,-0.9433744562223751
