Feature,Phi_Value
0,-1.0594874521950366
1,-1.593180806696975
2,-0.38090974854588067
3,-1.3298770602210068
4,-1.1672084573970447
5,-0.20946487747452452
6,-1.5927933997010484
