Feature,Phi_Value
0,-1.1287022288930142
1,-1.6469644727224662
2,-0.4528275834017177
3,-1.354546207246146
4,-1.2347448119484001
5,-0.07598736175658122
6,-1.659897320813074
