Feature,Phi_Value
0,-0.9689928700055073
1,-1.4847314166232355
2,-0.32945476308696753
3,-1.2282762125680549
4,-1.0806971225256614
5,-0.17700339941150975
6,-1.5198505284490047
