Feature,Phi_Value
0,-1.9257817583086059
1,-2.6932136270386375
2,-0.8370958225828419
3,-2.199584015796989
4,-2.0429549468042953
5,-0.330418573044912
6,-2.457467255521366
