Feature,Phi_Value
0,-0.9791056526429408
1,-1.4897457195196377
2,-0.3367092621138057
3,-1.2269874089736672
4,-1.0870378974004458
5,-0.1885436908373958
6,-1.5170403705032744
