Feature,Phi_Value
0,-2.354990963785452
1,-3.313983055586912
2,-1.0587389368887372
3,-2.695481044221676
4,-2.5096696584350364
5,1.3421619062405368
6,-3.0343509387171137
