,k_value,n_params,train_time,baseline_accuracy,noise_0.05,noise_0.1,noise_0.2,noise_0.3,bootstrap_mean,bootstrap_std
1,1,9,0.0013158321380615234,0.7466666666666667,0.7459999999999999,0.7446666666666667,0.736,0.7453333333333334,0.742,0.024034697141147154
2,2,37,0.007833719253540039,0.7666666666666667,0.76,0.7613333333333334,0.7566666666666666,0.7366666666666666,0.7654166666666665,0.027716947282604317
3,3,93,0.02249932289123535,0.7566666666666667,0.7499999999999999,0.754,0.7380000000000001,0.7366666666666667,0.7520833333333334,0.026721947908039934
4,4,163,0.050719499588012695,0.7833333333333333,0.7653333333333333,0.7653333333333333,0.74,0.7386666666666666,0.7783333333333334,0.024123524710216886
5,5,219,0.05470752716064453,0.7733333333333333,0.7626666666666666,0.7606666666666667,0.7453333333333333,0.7253333333333333,0.7753333333333334,0.023390406390465114
6,6,247,0.07308149337768555,0.7666666666666667,0.772,0.7446666666666667,0.7386666666666667,0.7306666666666667,0.7631666666666664,0.028763402673072827
7,7,255,0.0825190544128418,0.77,0.7686666666666666,0.7626666666666667,0.7366666666666667,0.7306666666666667,0.7665833333333335,0.020707788389878815
8,8,256,0.07684087753295898,0.77,0.7673333333333334,0.754,0.7506666666666666,0.734,0.768,0.027518175811634026
