,k_value,n_params,train_time,baseline_accuracy,noise_0.05,noise_0.1,noise_0.2,noise_0.3,bootstrap_mean,bootstrap_std
1,1,9,0.00400233268737793,0.7466666666666667,0.7473333333333334,0.748,0.7413333333333333,0.7433333333333334,0.7472500000000001,0.02859693553900875
2,2,37,0.02644634246826172,0.7666666666666667,0.764,0.7606666666666666,0.7573333333333333,0.7546666666666667,0.7693333333333332,0.03191525236204992
3,3,93,0.05404782295227051,0.7566666666666667,0.7606666666666666,0.7486666666666667,0.7486666666666666,0.742,0.7543333333333334,0.024593359537349372
4,4,163,0.10401749610900879,0.7833333333333333,0.768,0.7606666666666666,0.7566666666666666,0.7213333333333334,0.79,0.023935677693908454
5,5,219,0.12096452713012695,0.7733333333333333,0.768,0.7680000000000001,0.7333333333333332,0.7233333333333334,0.7713333333333332,0.02876678254128844
6,6,247,0.14004087448120117,0.7666666666666667,0.7666666666666667,0.7646666666666666,0.7526666666666666,0.7266666666666667,0.7649166666666666,0.027765010955037153
7,7,255,0.17313385009765625,0.77,0.7633333333333334,0.7513333333333334,0.7446666666666666,0.7273333333333333,0.7685833333333334,0.025996928237347155
8,8,256,0.14923405647277832,0.77,0.7653333333333333,0.7579999999999999,0.74,0.738,0.7649166666666667,0.020208805836400466
