,k_value,n_params,train_time,baseline_accuracy,noise_0.05,noise_0.1,noise_0.2,noise_0.3,bootstrap_mean,bootstrap_std
1,1,9,0.0019979476928710938,0.7466666666666667,0.744,0.7433333333333334,0.7413333333333333,0.7393333333333333,0.7467500000000001,0.03101623678727716
2,2,37,0.007998466491699219,0.7666666666666667,0.764,0.762,0.742,0.752,0.7720833333333332,0.024822285014344136
3,3,93,0.030387163162231445,0.7566666666666667,0.7546666666666666,0.7586666666666666,0.7613333333333333,0.75,0.7589166666666668,0.02995378384556226
4,4,163,0.04146289825439453,0.7833333333333333,0.7613333333333334,0.7539999999999999,0.7420000000000001,0.73,0.7800833333333334,0.026929563473790084
5,5,219,0.07894587516784668,0.7733333333333333,0.768,0.7626666666666667,0.742,0.714,0.7694166666666666,0.027646202270836414
6,6,247,0.07431316375732422,0.7666666666666667,0.7653333333333333,0.7646666666666666,0.7413333333333333,0.7273333333333334,0.7579166666666667,0.025265946559659223
7,7,255,0.08059430122375488,0.77,0.7606666666666667,0.7546666666666667,0.7413333333333333,0.7333333333333333,0.7685000000000001,0.027728344903926574
8,8,256,0.0842905044555664,0.77,0.7606666666666667,0.756,0.7353333333333333,0.7253333333333334,0.7717499999999999,0.0280288789564541
