dataset,n_attr,best_k_accuracy,max_accuracy,best_k_noise,noise_robustness
dados_covid_sbpo_atual,9,6,0.6957002363345277,8,0.6873446672257376
banknotes,5,3,1.0,4,0.9938730853391686
transfusion,4,3,0.7105263157894737,3,0.6935672514619884
mammographic,4,2,0.7782101167315175,4,0.7844357976653696
raisin,7,7,0.837037037037037,7,0.8237037037037037
rice,7,6,0.9166666666666666,7,0.879204892966361
diabetes,8,8,0.65,8,0.6673333333333333
skin,4,1,1.0,4,0.986082956427707
pure_pairwise_interaction,15,1,0.48333333333333334,1,0.4833333333333333
