dataset,accuracy_eff,noise_eff
banknotes,0.6425486044692343,0.6162469206261908
dados_covid_sbpo_atual,0.259821642466115,0.25299437700348787
diabetes,0.2680543207474065,0.2752024359673373
mammographic,0.5885635762773549,0.5543820304391681
pure_pairwise_interaction,0.3415847613147421,0.341584761314742
raisin,0.39116090360261085,0.3849300219523038
rice,0.4290063383845208,0.4108666225833221
skin,0.8502741537276025,0.6968915406370211
transfusion,0.5082666719471264,0.4961352040570305
