,k_value,n_params,train_time,baseline_accuracy,noise_0.05,noise_0.1,noise_0.2,noise_0.3,bootstrap_mean,bootstrap_std
1,1,8,0.03399968147277832,0.8555555555555555,0.8533333333333333,0.8481481481481481,0.7933333333333332,0.7496296296296296,0.8582407407407409,0.023658992843881402
2,2,29,0.0926363468170166,0.8703703703703703,0.8437037037037036,0.8214814814814815,0.7711111111111111,0.7266666666666667,0.8675925925925927,0.025289815340273455
3,3,64,0.18325066566467285,0.8703703703703703,0.842962962962963,0.8318518518518518,0.7666666666666666,0.7511111111111111,0.8662962962962963,0.021489462119079494
4,4,99,0.2696254253387451,0.8592592592592593,0.8474074074074075,0.8422222222222222,0.7851851851851851,0.7577777777777779,0.864074074074074,0.020966856070902526
5,5,120,0.3245842456817627,0.8518518518518519,0.8518518518518519,0.8392592592592593,0.8022222222222222,0.7548148148148148,0.8512037037037037,0.024931490491083674
6,6,127,0.33917880058288574,0.8518518518518519,0.8548148148148147,0.8377777777777778,0.8066666666666666,0.7755555555555556,0.8536111111111111,0.025608004417772015
7,7,128,0.34009814262390137,0.8518518518518519,0.8503703703703703,0.8311111111111111,0.8118518518518518,0.7651851851851852,0.8480555555555556,0.026782957595424355
