dataset,accuracy_eff,noise_eff
dados_covid_sbpo_atual,0.26801988070120886,0.32042827750669284
pure_pairwise_interaction,0.3683987033690065,0.20099472529969645
rice,0.5823808162755036,0.40557894778833664
