name,value
X1,0.35780966263003555
X2,-0.08844109195388766
X3,0.2218063648455652
X4,0.8004944430119981
X5,-0.08261158821603316
X6,0.30063168446660926
X7,0.0
X8,0.4861705462128936
X9,0.0
X10,0.0
X11,0.0
X12,-0.021117395766828858
X13,-0.22319219172730842
X14,0.030679886774284213
X15,0.0
intercept,-0.8964936367035878
