,k_value,n_params,train_time,baseline_accuracy,noise_0.05,noise_0.1,noise_0.2,noise_0.3,bootstrap_mean,bootstrap_std
1,1,8,0.015935659408569336,0.6925925925925925,0.6948148148148148,0.6962962962962964,0.6777777777777778,0.6725925925925925,0.6866666666666668,0.03333899128936032
2,2,29,0.0,0.762962962962963,0.7466666666666667,0.7437037037037036,0.7066666666666667,0.6814814814814815,0.7629629629629631,0.029309614428415592
3,3,64,0.0,0.7962962962962963,0.7755555555555556,0.7585185185185186,0.7266666666666667,0.6918518518518518,0.8011111111111111,0.023147407395555174
4,4,99,0.0,0.8074074074074075,0.7881481481481482,0.7637037037037038,0.7266666666666667,0.7088888888888889,0.8095370370370369,0.028524079544388372
5,5,120,0.012710332870483398,0.7962962962962963,0.797037037037037,0.774074074074074,0.7437037037037036,0.72,0.8042592592592592,0.03057014242167928
6,6,127,0.007843255996704102,0.8037037037037037,0.8044444444444444,0.7962962962962964,0.7555555555555555,0.7533333333333334,0.8023148148148148,0.02569757238218133
7,7,128,0.0,0.8629629629629629,0.8592592592592592,0.8577777777777778,0.8444444444444444,0.8400000000000001,0.8619444444444444,0.025011828477462583
