,k_value,n_params,train_time,baseline_accuracy,noise_0.05,noise_0.1,noise_0.2,noise_0.3,bootstrap_mean,bootstrap_std
1,1,8,0.009601354598999023,0.6925925925925925,0.6918518518518518,0.6977777777777778,0.6807407407407406,0.6792592592592592,0.6954629629629631,0.03144455895804302
2,2,29,0.018004894256591797,0.762962962962963,0.7562962962962964,0.7429629629629629,0.711111111111111,0.6866666666666668,0.765462962962963,0.028995086145347654
3,3,64,0.019139766693115234,0.7962962962962963,0.7755555555555556,0.7622222222222221,0.7303703703703703,0.7007407407407407,0.8039814814814814,0.029897659230027393
4,4,99,0.0264894962310791,0.8074074074074075,0.7866666666666667,0.7651851851851852,0.7377777777777779,0.7096296296296296,0.8125925925925926,0.027455538318564076
5,5,120,0.02334284782409668,0.7962962962962963,0.7933333333333333,0.7955555555555557,0.7570370370370372,0.7096296296296296,0.7872222222222222,0.026513836747906746
6,6,127,0.023875713348388672,0.8037037037037037,0.8037037037037036,0.805925925925926,0.7614814814814814,0.7385185185185186,0.8076851851851852,0.02144093395433181
7,7,128,0.030753374099731445,0.8629629629629629,0.8585185185185186,0.8592592592592594,0.8533333333333333,0.8311111111111111,0.8662962962962963,0.02381700352824578
