,k_value,n_params,train_time,baseline_accuracy,noise_0.05,noise_0.1,noise_0.2,noise_0.3,bootstrap_mean,bootstrap_std
1,1,8,0.029842615127563477,0.7186544342507645,0.712691131498471,0.713914373088685,0.712079510703364,0.7042813455657492,0.7155066921606119,0.012426959774959142
2,2,29,0.03942728042602539,0.8211009174311926,0.8152905198776758,0.8116207951070337,0.7992354740061162,0.7686544342507645,0.8202294455066922,0.015135337867922368
3,3,64,0.04596829414367676,0.8814984709480123,0.8740061162079511,0.8591743119266055,0.81085626911315,0.7717125382262997,0.8801147227533461,0.00969503428993286
4,4,99,0.03282642364501953,0.8998470948012233,0.8902140672782876,0.8752293577981651,0.8284403669724771,0.7769113149847093,0.9007074569789677,0.01020575874861658
5,5,120,0.04854273796081543,0.9059633027522935,0.9027522935779816,0.8900611620795107,0.8397553516819573,0.7894495412844036,0.9064244741873805,0.010255127604659459
6,6,127,0.04586029052734375,0.9220183486238532,0.9131498470948012,0.9067278287461773,0.8617737003058105,0.8252293577981652,0.9230592734225621,0.008676644301902708
7,7,128,0.04106307029724121,0.9204892966360856,0.9220183486238532,0.9217125382262997,0.9053516819571865,0.8847094801223241,0.9209751434034417,0.009151112350272612
