,k_value,n_params,train_time,baseline_accuracy,noise_0.05,noise_0.1,noise_0.2,noise_0.3,bootstrap_mean,bootstrap_std
1,1,8,0.04762077331542969,0.7186544342507645,0.7143730886850153,0.7136085626911315,0.7058103975535168,0.701223241590214,0.7140917782026769,0.01377921942533971
2,2,29,0.05937457084655762,0.8211009174311926,0.8181957186544343,0.8100917431192661,0.7920489296636086,0.7610091743119266,0.8217399617590821,0.011807111724748378
3,3,64,0.06036543846130371,0.8814984709480123,0.8714067278287463,0.8611620795107033,0.820795107033639,0.7646788990825688,0.8804015296367111,0.012462447568407701
4,4,99,0.07591795921325684,0.8998470948012233,0.8892966360856269,0.8758409785932721,0.8169724770642202,0.7821100917431194,0.8998661567877627,0.009349122342140215
5,5,120,0.06310343742370605,0.9059633027522935,0.9027522935779817,0.8897553516819572,0.8363914373088684,0.7896024464831805,0.905506692160612,0.009190478841987112
6,6,127,0.0717618465423584,0.9220183486238532,0.9129969418960245,0.902599388379205,0.8698776758409785,0.8235474006116208,0.9233652007648183,0.009048159951767644
7,7,128,0.0896751880645752,0.9204892966360856,0.9209480122324158,0.9194189602446482,0.902599388379205,0.8902140672782874,0.9205927342256213,0.007656329314156126
