,k_value,n_params,train_time,baseline_accuracy,noise_0.05,noise_0.1,noise_0.2,noise_0.3
1,1,8,0.17275309562683105,0.7010703363914373,0.7004587155963302,0.7042813455657492,0.7067278287461773,0.708256880733945
2,2,29,0.44753360748291016,0.8547400611620795,0.851834862385321,0.8525993883792049,0.8405198776758409,0.8165137614678899
3,3,64,0.9730234146118164,0.9166666666666666,0.9151376146788991,0.9042813455657492,0.8714067278287463,0.849388379204893
4,4,99,1.2557625770568848,0.9220183486238532,0.9209480122324158,0.9149847094801222,0.8857798165137615,0.8483180428134556
5,5,120,1.512385368347168,0.9281345565749235,0.9204892966360856,0.9105504587155963,0.872782874617737,0.8354740061162079
6,6,127,1.7167108058929443,0.9258409785932722,0.9166666666666666,0.9061162079510703,0.8668195718654435,0.8336391437308868
7,7,128,1.6024622917175293,0.9243119266055045,0.9189602446483182,0.9073394495412845,0.8834862385321101,0.8642201834862385
