,k_value,n_params,train_time,baseline_accuracy,noise_0.05,noise_0.1,noise_0.2,noise_0.3
1,1,5,3.2646026611328125,1.0,0.9998678327139778,0.9983899621520955,0.9859113106017044,0.9566027858117561
2,2,11,11.871496677398682,1.0,0.9999639543765395,0.9990507985822056,0.989407736077378,0.9659300199967387
3,3,15,33.70981550216675,1.0,1.0,0.9999433568774192,0.9958599026768166,0.9852659222959346
4,4,16,32.887449979782104,1.0,1.0,0.9999279087530788,0.9961808803714416,0.9859353410173448
