,k_value,n_params,train_time,baseline_accuracy,noise_0.05,noise_0.1,noise_0.2,noise_0.3
1,1,9,0.0,0.75,0.7486666666666666,0.742,0.74,0.742
2,2,37,0.01612567901611328,0.7733333333333333,0.7713333333333333,0.7773333333333333,0.7693333333333333,0.7626666666666667
3,3,93,0.0628805160522461,0.7733333333333333,0.7779999999999999,0.772,0.764,0.7586666666666666
4,4,163,0.11331439018249512,0.7733333333333333,0.7766666666666667,0.7693333333333333,0.7626666666666667,0.7566666666666667
5,5,219,0.20671916007995605,0.7733333333333333,0.78,0.7653333333333332,0.764,0.7619999999999999
6,6,247,0.20543813705444336,0.7733333333333333,0.7793333333333333,0.7746666666666667,0.7633333333333334,0.7526666666666667
7,7,255,0.2360086441040039,0.7733333333333333,0.7759999999999999,0.7713333333333333,0.7626666666666667,0.748
8,8,256,0.22017264366149902,0.7733333333333333,0.7726666666666666,0.7673333333333334,0.7653333333333333,0.7573333333333332
