,k_value,n_params,train_time,baseline_accuracy,noise_0.1,noise_0.2,noise_0.3,noise_0.1_std,noise_0.2_std,noise_0.3_std,bootstrap_mean,bootstrap_std
1,1,9,0.0010001659393310547,0.75,0.742,0.7466666666666667,0.7386666666666666,0.010666666666666687,0.012292725943057184,0.01292714628644355,0.7469166666666668,0.025025126262307733
2,2,37,0.013501882553100586,0.7733333333333333,0.772,0.7593333333333334,0.7493333333333334,0.01292714628644355,0.006463573143221775,0.016110727964792782,0.7740833333333335,0.031105666686312955
3,3,93,0.05929064750671387,0.7733333333333333,0.7739999999999999,0.7593333333333333,0.75,0.007717224601860146,0.00533333333333336,0.008164965809277258,0.7750833333333332,0.027594408652639926
4,4,163,0.12183570861816406,0.7733333333333333,0.7753333333333332,0.7613333333333333,0.7606666666666667,0.0033993463423951857,0.007774602526460403,0.0118133634311129,0.7800833333333334,0.023023086239685592
5,5,219,0.18121027946472168,0.7733333333333333,0.7753333333333332,0.7666666666666668,0.7526666666666666,0.008589399151150078,0.007601169500660891,0.010624918300339483,0.7766666666666666,0.0248327740429189
6,6,247,0.21819519996643066,0.7733333333333333,0.7733333333333332,0.7653333333333332,0.7653333333333333,0.009428090415820616,0.011274356350191838,0.015289793254906292,0.7796666666666665,0.028971250116854353
7,7,255,0.22519612312316895,0.7733333333333333,0.772,0.7633333333333334,0.748,0.004521553322083506,0.009660917830792938,0.01166190378969062,0.7790833333333333,0.02474158105969248
8,8,256,0.24067068099975586,0.7733333333333333,0.7746666666666666,0.7573333333333334,0.75,0.00979795897113271,0.014204850501774998,0.010749676997731428,0.7799166666666667,0.02668866280318709
