Index,Interaction_Value
0,0.20479452489102754
1,0.2047945248910275
2,-0.5529924313440954
3,9.981873628139836e-18
4,1.3946859871428736
5,1.3946859871428747
