Feature,Phi_Value
0,-3.305540330429089
1,2.111855624688991
2,2.1118556246889906
3,-0.5574180579390187
