Feature,Phi_Value
0,-3.30405123800441
1,2.111150517574573
2,2.111150517574573
3,-0.5634917400353053
