Feature,Phi_Value
0,-3.4576517273597553
1,2.069347865431232
2,2.0693478654312325
3,-0.7697608122339776
