Feature,Phi_Value
0,-1.8418573278962447
1,-3.302713910927034
2,-3.8700409760657815
3,0.3094277974372157
4,-3.019417199461721
5,-2.313310585449862
6,0.7005611834526528
