Feature,Phi_Value
0,-1.8420502981748514
1,-3.3049435901904207
2,-3.877550915727261
3,0.3262723297734861
4,-2.993226938106157
5,-2.318839662571915
6,0.6987778894286377
