Feature,Phi_Value
0,-1.674803422876677
1,-1.102984168555918
2,-0.1406412397772303
3,-0.11265439173492503
4,7.3737308851935
