Feature,Phi_Value
0,-1.619869562096073
1,-1.0481012690480964
2,0.003666020168283435
3,-0.1428117398327355
4,6.5669973754267135
