,k_value,n_params,train_time,baseline_accuracy,noise_0.1,noise_0.2,noise_0.3,noise_0.1_std,noise_0.2_std,noise_0.3_std
1,1,10,0.13670063018798828,0.6865899214759472,0.6864755660593124,0.685370130365175,0.6842037051154989,0.0004928941030797981,0.0005237650083805034,0.0009147162626802418
2,2,46,0.5856258869171143,0.6893725699473965,0.6900205839749943,0.6893115803918578,0.6869939772813906,0.00018829136289136094,0.000890896464617937,0.000722684414189452
3,3,130,1.797844648361206,0.6937561942517344,0.693092932835252,0.6916444308912097,0.6886711900587025,0.0005048935180238776,0.0005207602762198316,0.0013068800206184263
4,4,256,10.56242847442627,0.6940611420294275,0.6940458946405428,0.692322939696577,0.6898071205306092,0.0005383213675050721,0.0008433060491895692,0.0008491440481339153
5,5,382,47.83011031150818,0.6944804452237554,0.6941526263627354,0.6921475947244036,0.6894716779751467,0.00044882781213802247,0.0006352875400167679,0.0016444222319142862
6,6,466,98.85819625854492,0.6946329191126019,0.6945414347792941,0.6930548143630404,0.6901120683083022,0.0002658473092042912,0.0005328956961896932,0.0009289026665044918
7,7,502,127.9624035358429,0.6946329191126019,0.6943889608904475,0.6927193718075779,0.6899443470305712,0.00026910669504801195,0.0006669752375725991,0.0006589095200528008
8,8,511,116.99443364143372,0.6946329191126019,0.6942441106960433,0.6927269955020202,0.6895021727529161,0.00016597957655773603,0.0008825064346108039,0.0010121441384308952
9,9,512,137.6255145072937,0.6946329191126019,0.6943889608904474,0.6925211557520774,0.6898223679194937,0.0003148871910964775,0.0007290898965315492,0.0009108320996450213
