,k_value,n_params,train_time,baseline_accuracy,noise_0.05,noise_0.1,noise_0.2,noise_0.3
1,1,10,0.13399004936218262,0.6865899214759472,0.6866966531981398,0.6862163604482733,0.6857970572539454,0.6834489593657086
2,2,46,0.5378296375274658,0.6893725699473965,0.6899062285583593,0.6900205839749942,0.6889456430586262,0.6871159563924678
3,3,130,1.7121632099151611,0.6937561942517344,0.6935808492795609,0.6932987725851947,0.6913318594190745,0.6876801097812
4,4,256,9.99633502960205,0.6940611420294275,0.6939315392239078,0.6941831211405047,0.6927041244186933,0.688846535030876
5,5,382,50.59515690803528,0.6944804452237554,0.6943203476404667,0.6940535183349852,0.6925287794465198,0.6884729740032018
6,6,466,131.42717695236206,0.6946329191126019,0.6944804452237554,0.6945490584737364,0.6924525425020965,0.6893573225585119
7,7,502,143.6746323108673,0.6946329191126019,0.6944804452237554,0.694564305862621,0.6928413509186553,0.690012960280552
8,8,511,125.88351655006409,0.6946329191126019,0.6946024243348325,0.694419455668217,0.6927422428909049,0.690714340169246
9,9,512,110.90946125984192,0.6946329191126019,0.6948463825569873,0.6943889608904474,0.6931691697796751,0.6901273156971868
