,k_value,n_params,train_time,baseline_accuracy,noise_0.05,noise_0.1,noise_0.2,noise_0.3
1,1,8,0.12831783294677734,0.922782874617737,0.9215596330275229,0.9194189602446483,0.9148318042813456,0.91085626911315
2,2,29,0.3660590648651123,0.922782874617737,0.9224770642201834,0.9206422018348626,0.912691131498471,0.9013761467889909
3,3,64,1.0609781742095947,0.922782874617737,0.9224770642201834,0.9207951070336391,0.913302752293578,0.9119266055045872
4,4,99,1.582017421722412,0.922782874617737,0.9232415902140673,0.9206422018348623,0.9172782874617738,0.9093272171253822
5,5,120,1.9510250091552734,0.922782874617737,0.9220183486238532,0.9221712538226299,0.912079510703364,0.9113149847094801
6,6,127,2.0307888984680176,0.922782874617737,0.9211009174311927,0.9204892966360857,0.915902140672783,0.9123853211009175
7,7,128,2.0496203899383545,0.922782874617737,0.9221712538226299,0.9224770642201836,0.9143730886850152,0.9073394495412843
