dataset,n_attr,best_k_accuracy,max_accuracy,best_k_noise,noise_robustness
dados_covid_sbpo_atual,9,6,0.695357170084623,8,0.6879621864755661
banknotes,5,3,1.0,4,0.999562363238512
transfusion,4,3,0.7076023391812866,3,0.6935672514619883
mammographic,4,3,0.7937743190661478,4,0.7782101167315175
raisin,7,7,0.825925925925926,7,0.8229629629629629
rice,7,5,0.9166666666666666,7,0.8871559633027524
diabetes,8,4,0.6566666666666666,8,0.646
skin,4,1,1.0,4,0.9960418472523795
pure_pairwise_interaction,15,13,0.5266666666666666,14,0.5199999999999999
