dataset,accuracy_eff,noise_eff
banknotes,0.6425486044692343,0.6197745339983353
dados_covid_sbpo_atual,0.259693518265677,0.25322167039113946
diabetes,0.2934106968344596,0.26640475569665323
mammographic,0.5678171553443038,0.5499821730547303
pure_pairwise_interaction,0.11663864075663298,0.11515713232134472
raisin,0.38596850222735496,0.38458386186062
rice,0.4336287751828145,0.4145822859527713
skin,0.8502741537276025,0.7039297585928252
transfusion,0.5061750395522823,0.4961352040570304
