,k_value,n_params,train_time,baseline_accuracy,noise_0.05,noise_0.1,noise_0.2,noise_0.3
1,1,8,0.029948949813842773,0.7010703363914373,0.7022935779816514,0.7045871559633027,0.7084097859327217,0.7113149847094801
2,2,29,0.047054290771484375,0.8539755351681957,0.8568807339449542,0.8535168195718654,0.8377675840978593,0.8178899082568807
3,3,64,0.0948486328125,0.9097859327217125,0.9085626911314983,0.9030581039755352,0.8865443425076451,0.8573394495412844
4,4,99,0.16527414321899414,0.9159021406727829,0.9148318042813456,0.910244648318043,0.8899082568807339,0.8581039755351683
5,5,120,0.1843702793121338,0.9159021406727829,0.9157492354740061,0.9091743119266056,0.8940366972477063,0.8579510703363914
6,6,127,0.3087179660797119,0.9166666666666666,0.9129969418960245,0.910244648318043,0.8957186544342507,0.8629969418960244
7,7,128,0.20401525497436523,0.9166666666666666,0.9149847094801224,0.9139143730886851,0.9039755351681956,0.8847094801223241
