,k_value,n_params,train_time,baseline_accuracy,noise_0.05,noise_0.1,noise_0.2,noise_0.3,bootstrap_mean,bootstrap_std
1,1,10,0.0930020809173584,0.6865899214759472,0.6866661584203705,0.6864908134481971,0.685766562476176,0.6834870778379203,0.6868080240148664,0.003414070039508534
2,2,46,0.7787630558013916,0.689525043836243,0.6901273156971868,0.6906228558359381,0.6892963330029732,0.6869406114202943,0.6899108972220899,0.003511686209554958
3,3,130,2.963791608810425,0.6937561942517344,0.6933597621407334,0.6925364031409622,0.6888541587253183,0.683037279865823,0.6937170629437271,0.0030970668276500976
4,4,256,6.602313995361328,0.6941754974460623,0.6939696576961195,0.6925973926965007,0.6873065487535259,0.678066631089426,0.694375565826464,0.003386843113365307
5,5,382,9.99932312965393,0.6945185636959671,0.6938629259739271,0.6920561103910956,0.6868110086147747,0.6768239688953267,0.6946538333253919,0.0029760816967372102
6,6,466,13.93398642539978,0.6946710375848136,0.6936875810017534,0.6911641381413434,0.6828390638103226,0.6700998703971944,0.6943450707580884,0.0027774530635206033
7,7,502,15.389953374862671,0.6946710375848136,0.6935122360295799,0.6914995806968056,0.6831363878935732,0.669924525425021,0.6942640682327155,0.0032522739334172957
8,8,511,15.52673602104187,0.6946710375848136,0.6938248075017153,0.6910116642524967,0.6823740184493405,0.6697415567584051,0.6953209129461093,0.0034055644997225388
9,9,512,15.98058819770813,0.6945948006403904,0.6936952046961957,0.6916291835023253,0.6823892658382252,0.6700388808416559,0.6945814075379997,0.003305417538988657
