Index,Interaction_Value
0,-0.06325164856549582
1,-0.27633947957306987
2,-0.17944657002192665
