Feature,Phi_Value
0,0.2258472251334333
1,-0.5741484935279603
2,0.3779758268468339
3,0.5133776772104349
4,0.6358221428024354
5,-0.274695077430987
6,-0.37885313340064775
7,0.2726205587491663
8,-0.15374217581373073
9,-0.36495875347835016
10,-0.11837716366889481
11,0.2702436554737239
12,-0.6695755343186711
13,0.53527209650739
14,-0.03954381254552339
