,k_value,n_params,train_time,baseline_accuracy,noise_0.05,noise_0.1,noise_0.2,noise_0.3,bootstrap_mean,bootstrap_std
1,1,5,0.0019981861114501953,0.8132295719844358,0.8108949416342413,0.8062256809338522,0.796887159533074,0.7976653696498055,0.806829268292683,0.02321049220169816
2,2,11,0.0029981136322021484,0.8093385214007782,0.8093385214007782,0.8108949416342413,0.8054474708171206,0.8038910505836576,0.8053658536585365,0.02856471409162408
3,3,15,0.004043102264404297,0.8093385214007782,0.8093385214007782,0.8070038910505837,0.8085603112840467,0.7976653696498055,0.8075121951219514,0.028161343594575772
4,4,16,0.00400090217590332,0.8093385214007782,0.8070038910505837,0.8077821011673152,0.8070038910505837,0.8077821011673152,0.809560975609756,0.027868305917608787
