,k_value,n_params,train_time,baseline_accuracy,noise_0.05,noise_0.1,noise_0.2,noise_0.3,bootstrap_mean,bootstrap_std
1,1,5,0.002311229705810547,0.8132295719844358,0.8093385214007782,0.8046692607003891,0.7945525291828794,0.8031128404669261,0.8090731707317073,0.028941426827189674
2,2,11,0.0077021121978759766,0.8093385214007782,0.8085603112840467,0.8085603112840467,0.8062256809338522,0.7992217898832685,0.8056585365853658,0.026311817102107414
3,3,15,0.0,0.8093385214007782,0.8077821011673152,0.8085603112840467,0.8038910505836576,0.8023346303501946,0.811219512195122,0.0298996935038477
4,4,16,0.0,0.8093385214007782,0.8054474708171206,0.8077821011673152,0.8077821011673152,0.796887159533074,0.803219512195122,0.027012412596162473
