,k_value,n_params,train_time,baseline_accuracy,noise_0.05,noise_0.1,noise_0.2,noise_0.3,bootstrap_mean,bootstrap_std
1,1,5,0.0009989738464355469,0.8132295719844358,0.8077821011673152,0.8023346303501946,0.795330739299611,0.7945525291828794,0.8200975609756097,0.030112065129928457
2,2,11,0.0030002593994140625,0.8093385214007782,0.8085603112840467,0.8085603112840467,0.8101167315175097,0.8070038910505837,0.8004878048780487,0.028697689912356522
3,3,15,0.0041506290435791016,0.8093385214007782,0.8085603112840467,0.8085603112840467,0.8031128404669261,0.796887159533074,0.8099512195121951,0.025995194723659958
4,4,16,0.004000186920166016,0.8093385214007782,0.8108949416342413,0.8093385214007782,0.8038910505836576,0.8031128404669261,0.8046829268292681,0.022438176017896643
