,k_value,n_params,train_time,baseline_accuracy,noise_0.05,noise_0.1,noise_0.2,noise_0.3
1,1,5,0.0,0.7105263157894737,0.7134502923976608,0.7157894736842105,0.7035087719298245,0.7011695906432749
2,2,11,0.02710700035095215,0.7280701754385965,0.723391812865497,0.7157894736842105,0.7105263157894738,0.7187134502923975
3,3,15,0.05816030502319336,0.7280701754385965,0.724561403508772,0.7192982456140351,0.712280701754386,0.7046783625730995
4,4,16,0.07114791870117188,0.7280701754385965,0.7222222222222222,0.7175438596491228,0.7152046783625732,0.7070175438596491
