,k_value,n_params,train_time,baseline_accuracy,noise_0.05,noise_0.1,noise_0.2,noise_0.3,bootstrap_mean,bootstrap_std
1,1,8,0.001998424530029297,0.8555555555555555,0.86,0.8496296296296297,0.8437037037037036,0.8451851851851853,0.8537037037037039,0.022718229900713517
2,2,29,0.005999565124511719,0.8481481481481481,0.8525925925925926,0.8496296296296295,0.8437037037037036,0.8118518518518518,0.844351851851852,0.02644795209644826
3,3,64,0.013998985290527344,0.8481481481481481,0.8518518518518519,0.8466666666666667,0.8296296296296296,0.7962962962962963,0.8421296296296297,0.02997841587511495
4,4,99,0.0238494873046875,0.8518518518518519,0.8540740740740741,0.8488888888888889,0.82,0.797037037037037,0.8484259259259259,0.01996245618816662
5,5,120,0.02816462516784668,0.8518518518518519,0.8533333333333333,0.8414814814814815,0.8051851851851852,0.7948148148148149,0.847962962962963,0.027190709903852184
6,6,127,0.038428544998168945,0.8518518518518519,0.8474074074074075,0.8437037037037036,0.8340740740740742,0.788888888888889,0.8529629629629629,0.025984721690194657
7,7,128,0.032209157943725586,0.8481481481481481,0.8474074074074073,0.8451851851851853,0.8192592592592594,0.794074074074074,0.8489814814814816,0.028522276087229775
