,k_value,n_params,train_time,baseline_accuracy,noise_0.05,noise_0.1,noise_0.2,noise_0.3
1,1,10,0.31960630416870117,0.541625371655104,0.5453762293207288,0.5593428375390714,0.5706792711748113,0.572143020507738
2,2,46,17.169727563858032,0.5880917892810856,0.5880155523366624,0.5915148280856904,0.6093161546085233,0.6111687123580087
3,3,130,41.59391188621521,0.641762598155066,0.6418617061828161,0.6417092322939697,0.6448273233208812,0.6433711976823968
4,4,256,74.65037178993225,0.675992986201113,0.6764427841732104,0.67568803842342,0.6744148814515514,0.6677060303423039
5,5,382,97.74398803710938,0.6902492948082641,0.6903484028360143,0.690127315697187,0.6864374475871007,0.6788518716169856
6,6,466,122.19805598258972,0.6942517343904856,0.6943203476404666,0.6930548143630404,0.6870625905313714,0.6770907982008081
7,7,502,124.2149932384491,0.6940611420294275,0.6944042082793322,0.692864222001982,0.6858504231150415,0.6749714111458412
8,8,511,126.26431584358215,0.6940611420294275,0.693862925973927,0.6923305633910193,0.6835099489212473,0.6696119539528855
9,9,512,136.79726886749268,0.6939086681405809,0.6946176717237172,0.692932835251963,0.6875428832812381,0.6780895021727529
