,k_value,n_params,train_time,baseline_accuracy,noise_0.05,noise_0.1,noise_0.2,noise_0.3
1,1,6,0.05050921440124512,0.9890590809628009,0.9886214442013129,0.9864332603938731,0.9641137855579869,0.9426695842450765
2,2,16,0.09926152229309082,1.0,1.0,1.0,0.9908096280087527,0.9597374179431073
3,3,26,0.14200162887573242,1.0,1.0,1.0,0.9986870897155361,0.9833698030634574
4,4,31,0.16116762161254883,1.0,1.0,1.0,1.0,0.9986870897155361
5,5,32,0.16846966743469238,1.0,1.0,1.0,1.0,0.9969365426695843
