Index,Interaction_Value
0,-0.539070265501996
1,0.2092532151264299
2,0.31295393632198487
3,-0.9742299535551328
4,-0.505188541479783
5,0.5456468954176309
