Feature,Phi_Value
0,2.633802239310778
1,1.501528325755588
2,1.4619513325823814
3,-0.0828541883592674
