Feature,Phi_Value
0,2.6333290667735514
1,1.5023495590719467
2,1.4599767726216935
3,-0.08540708561037721
