Feature,Phi_Value
0,2.915965466648225
1,1.8355002210757305
2,1.7232522550870488
3,-0.16005897501308383
