k_value,best_accuracy,best_feature_set,best_n_features,full_accuracy,accuracy_improvement
1,0.8171206225680934,"0,1,2,3",4,0.8171206225680934,0.0
2,0.8210116731517509,"0,1,2",3,0.8054474708171206,0.015564202334630295
3,0.8171206225680934,"0,1,2",3,0.8015564202334631,0.015564202334630295
4,0.8015564202334631,"0,1,2,3",4,0.8015564202334631,0.0
