,k_value,n_params,train_time,baseline_accuracy,noise_0.05,noise_0.1,noise_0.2,noise_0.3
1,1,8,0.003998279571533203,0.9250764525993884,0.9235474006116208,0.9230886850152906,0.9226299694189602,0.9169724770642201
2,2,29,0.0051593780517578125,0.9250764525993884,0.9223241590214067,0.9235474006116208,0.9206422018348623,0.9113149847094801
3,3,64,0.009396553039550781,0.922782874617737,0.9232415902140673,0.9212538226299694,0.9209480122324158,0.9160550458715597
4,4,99,0.016182661056518555,0.922782874617737,0.9230886850152904,0.9223241590214067,0.9204892966360857,0.9160550458715596
5,5,120,0.02400970458984375,0.9220183486238532,0.9233944954128439,0.9223241590214067,0.9204892966360856,0.9148318042813456
6,6,127,0.027640581130981445,0.922782874617737,0.9224770642201836,0.9217125382262997,0.9200305810397553,0.915290519877676
7,7,128,0.02913689613342285,0.922782874617737,0.9226299694189602,0.9227828746177369,0.9188073394495413,0.915902140672783
