,k_value,n_params,train_time,baseline_accuracy,noise_0.05,noise_0.1,noise_0.2,noise_0.3
1,1,8,0.0050029754638671875,0.9250764525993884,0.9240061162079509,0.9223241590214067,0.9215596330275229,0.9169724770642201
2,2,29,0.005503177642822266,0.9250764525993884,0.9227828746177369,0.9204892966360857,0.9188073394495413,0.9131498470948012
3,3,64,0.008985519409179688,0.922782874617737,0.9235474006116208,0.9221712538226299,0.9192660550458716,0.9168195718654433
4,4,99,0.02562713623046875,0.922782874617737,0.9223241590214067,0.9215596330275229,0.9191131498470948,0.9149847094801224
5,5,120,0.025249481201171875,0.9220183486238532,0.9233944954128441,0.9203363914373088,0.9198776758409786,0.9171253822629971
6,6,127,0.027141571044921875,0.922782874617737,0.9230886850152904,0.9211009174311926,0.9197247706422018,0.9168195718654435
7,7,128,0.0511784553527832,0.922782874617737,0.9226299694189602,0.9209480122324158,0.9180428134556575,0.9140672782874617
