,k_value,n_params,train_time,baseline_accuracy,noise_0.1,noise_0.2,noise_0.3,noise_0.1_std,noise_0.2_std,noise_0.3_std
1,1,8,0.0030570030212402344,0.9250764525993884,0.9221712538226301,0.9212538226299694,0.918960244648318,0.001632580772481865,0.0016749925305968283,0.006000433293684571
2,2,29,0.004505157470703125,0.9250764525993884,0.9233944954128441,0.918348623853211,0.9166666666666666,0.0023884555583812473,0.004253953438300798,0.003520142028508035
3,3,64,0.010359764099121094,0.922782874617737,0.9224770642201836,0.9169724770642201,0.9185015290519878,0.001970045676869286,0.004394528398532081,0.0033708574441970096
4,4,99,0.01564955711364746,0.922782874617737,0.9230886850152906,0.9201834862385322,0.9105504587155963,0.003004110505258167,0.0034395173942513776,0.0027352513486236
5,5,120,0.02365422248840332,0.9220183486238532,0.9235474006116208,0.918960244648318,0.9160550458715596,0.0025124887958952557,0.003349985061193697,0.0033984878854576013
6,6,127,0.026996374130249023,0.922782874617737,0.9223241590214067,0.917125382262997,0.9163608562691131,0.001498158864087564,0.004702922476828662,0.003080954385261444
7,7,128,0.028710126876831055,0.922782874617737,0.9215596330275229,0.9146788990825689,0.9137614678899084,0.0028442011066877977,0.002247238296131356,0.00325799323435208
