,k_value,n_params,train_time,baseline_accuracy,noise_0.05,noise_0.1,noise_0.2,noise_0.3
1,1,9,0.004006624221801758,0.6333333333333333,0.6286666666666667,0.6233333333333333,0.5993333333333333,0.6060000000000001
2,2,37,0.006997585296630859,0.6333333333333333,0.6253333333333334,0.6066666666666667,0.6140000000000001,0.6020000000000001
3,3,93,0.009998559951782227,0.6033333333333334,0.6086666666666667,0.6086666666666667,0.5986666666666667,0.6013333333333333
4,4,163,0.016000032424926758,0.63,0.6306666666666667,0.6213333333333333,0.6113333333333333,0.6173333333333334
5,5,219,0.0299990177154541,0.6166666666666667,0.6166666666666666,0.628,0.6173333333333333,0.6199999999999999
6,6,247,0.0319981575012207,0.6166666666666667,0.6226666666666667,0.622,0.622,0.6140000000000001
7,7,255,0.033000946044921875,0.64,0.6353333333333333,0.634,0.6313333333333333,0.6213333333333334
8,8,256,0.03761744499206543,0.65,0.6513333333333333,0.6506666666666666,0.654,0.6406666666666666
