,k_value,n_params,train_time,baseline_accuracy,noise_0.05,noise_0.1,noise_0.2,noise_0.3
1,1,5,9.094565868377686,1.0,1.0,1.0,1.0,0.9996000652254139
2,2,11,17.708784580230713,1.0,1.0,1.0,0.9999948506252199,0.9993563281524901
3,3,15,23.448714017868042,1.0,1.0,1.0,0.9999965670834798,0.99934431294467
4,4,16,24.415183544158936,1.0,1.0,1.0,0.9999982835417398,0.9993202825290297
